ID,Text,Classe
1,whooo.  did you have to choke a bitch?,2
2,im horny god damn porn fuck eon now I need real cock. where's ashley!,2
3,Ya know  you can take full credit for memeing @evo_terra's cock-measuring fetish. I won't argue.,2
4,Clearly. Decepticonian bitch. Or at least incomprehensible. We shall steal her bras!,2
5,LMAO. I was very confused. What a bitch she is.,2
6,your a fake. your a fake for calling the REAL hailey fake on her formspring. what a lame bitch :),2
7,u stll up drinking bitch?,2
8,want me to cut a bitch for ya?,2
9,uh uh u fucking bitch. haha dont take any coats  skinny jeans  slippers  gloves  bomber hats  or scarves.,2
10,kno I check ur blog out! Alpha females vs being a bitch.....damn u be analyzing!,2
11,oooh  I wish I could! but then I have to shave my widow's peak to get them to hang right. And what a bitch to grow back! LOL,2
12,bitch  hurry up!,2
13,suck my cock  bitch. i am allowed to be scared of whatever i want. *z snap*,2
14,want me to cut a bitch for ya?,2
15,bitch what ? hahaha. j/k.,2
16,bitch  hurry up!,2
17,you're a bitch.,2
18,bitch... lol jk,2
19,kno I check ur blog out! Alpha females vs being a bitch.....damn u be analyzing!,2
20,slap a bitch? What you want to do is CHOKE A BITCH like Wayne Brady!,2
21,Please do...anything from you my sexy bitch!,2
22,Sorry you bitch punched TEO.,2
23,oooh  I wish I could! but then I have to shave my widow's peak to get them to hang right. And what a bitch to grow back! LOL,2
24,what a fucking bitch.,2
25,I brought Prussia back  bitch.,2
26,Then she changed roles and she is a little less bitch from hell but still  her sting has too much barb.,2
27,what a fucking bitch.,2
28,oooh  I wish I could! but then I have to shave my widow's peak to get them to hang right. And what a bitch to grow back! LOL,2
29,damn. lol. let me try something else. hot lesbian sex. nekked girl on girl. free porn.,2
30,&quot;Show your face Anonymous&quot; WTF?! You make no sense you fake ugly bitch,2
31,u stll up drinking bitch?,2
32,are you off bitch? I want BM it's my best friend! Damn it....hey don't forget FullMoon Getogether tonight,2
33,Tell her she says Bitch like it's a bad thing,2
34,A pussy on my cock on my pussy  if you wanna take it further. ;),2
35,A pussy on my cock on my pussy  if you wanna take it further. ;),2
36,your come backs are fucking horrible you dumb bitch. wtf  are you like fucking five? you&;re like. &;i know you are but what am i?&; yeahhhh. no. bitch get a fucking life.,2
37,psh bitch I'm at work running 2 trains with a 70 minute wait stupid kids and dumber parents I don't wanna hear it,2
38,shut ur bitch ass up! OBVIOUSLY its not the same but its not like her name is spelt out as Eveyln dumbass.,2
39,beast my pussy  bitch. LMAO...that's creepy.,2
40,You did not come off as a bitch.  At least  you definitely weren't as bitchy as I thought I was being.  I've gotten upset now too,2
41,heyyy  your an ugly fucking bitch  you think your sexy? haha  you ain&;t shit besides an ugly bitch. &amp; beware of what? ill fucking put your shit on blast. fucking stupid ass cunt. fuck off  &amp; stop hatein on peoples pages before i go off on your ugly ass.,2
42,get drumk bitch!,2
43,Please do...anything from you my sexy bitch!,2
44,lol! hey  stop being modest.  you OFTEN are a hot bitch.  :),2
45,damn. lol. let me try something else. hot lesbian sex. nekked girl on girl. free porn.,2
46,lock it  yank his rights on both his accounts.  He's been a little bitch lately and I'm sick of it.,2
47,beast my pussy  bitch. LMAO...that's creepy.,2
48,are you off bitch? I want BM it's my best friend! Damn it....hey don't forget FullMoon Getogether tonight,2
49,I brought Prussia back  bitch.,2
50,well mine are double flared  so they are a fucking homo bitch cunt to get out. aggrivation!,2
51,Tell her she says Bitch like it's a bad thing,2
52,Yeah  those same ugly guys that do gay-for-pay. That's why I demand hot girl on girl action in my porn. Oh oh. Yeah.,2
53,uh uh u fucking bitch. haha dont take any coats  skinny jeans  slippers  gloves  bomber hats  or scarves.,2
54,"like jealous toddlers  equal change to excel When a person DOES excel  other ppl bitch&whine - bc it ""makes them look bad""  The",2
55,less drugz mo sleep bitch!,2
56,"like jealous toddlers  equal change to excel When a person DOES excel  other ppl bitch&whine - bc it ""makes them look bad""  The",2
57,how did you meet dad BITCH!,2
58,ew you&;re gross. ugly. BITCH,2
59,whooo.  did you have to choke a bitch?,2
60,lol i think she's a huge bitch BUT she's good at what she does and is entertaining at times :),2
61,how did you meet dad BITCH!,2
62,I cry  but then I'm just like that fucking woman is a bitch. God I hate her!!! (Yolanda) I'm getting mad just thinking lol,2
63,I fucking hope you move you bitch!!!!,2
64,baha  actually  im going to go on now :) BITCH ARE YOU FUCKING STUPID? >.> the REAL ashlee has a proof video  your dumb  your probably just some old man behind a computer screen<3 go fuck yourself<3,2
65,You did not come off as a bitch.  At least  you definitely weren't as bitchy as I thought I was being.  I've gotten upset now too,2
66,suck my cock  bitch. i am allowed to be scared of whatever i want. *z snap*,2
67,bitch please your gorgeous,2
68,Your to young what love is bitch so do you use it!!! Dumb whore put your boobs away!!!,2
69,grab that... It's yours  bitch!,2
70,psh bitch I'm at work running 2 trains with a 70 minute wait stupid kids and dumber parents I don't wanna hear it,2
71,Hey smexy wanna fuck?? How bout we do some 69 all night long? Sounds good k I&;ll be in your bed waiting sexy bitch! ;D,2
72,I cry  but then I'm just like that fucking woman is a bitch. God I hate her!!! (Yolanda) I'm getting mad just thinking lol,2
73,Please do...anything from you my sexy bitch!,2
74,i bitch slapped my cousin once.,2
75,Stop making fakes of yourself. You are ugly as fuck. You&;re not actually 16 bitch. And you&;re deff not a cyrus. Get a mother fucking life  cunt.,2
76,Hahaha  Testosterone Man!!!  I met Mega Bitch Soccer Mom the other day. She took the time to stop  honk her horn  & flip me off,2
77,Everyone Look  This Girl Was Using Missy Lockes Pictures And I Told Her She Was Fake  Then She Was Like Im Not Fake  Then She Took Bettys Pictures. SHES DUMB! http://www.formspring.me/LMT23,2
78,i bitch slapped my cousin once.,2
79,"ahah! and i'll say exactly what i'd say to him: ""bitch make your own!"" i kid:P",2
80,lol! hey  stop being modest.  you OFTEN are a hot bitch.  :),2
81,Hahaha  Testosterone Man!!!  I met Mega Bitch Soccer Mom the other day. She took the time to stop  honk her horn  & flip me off,2
82,You did not come off as a bitch.  At least  you definitely weren't as bitchy as I thought I was being.  I've gotten upset now too,2
83,ill settle that bitch down real quick,2
84,lol i think she's a huge bitch BUT she's good at what she does and is entertaining at times :),2
85,are you off bitch? I want BM it's my best friend! Damn it....hey don't forget FullMoon Getogether tonight,2
86,Ur gunna get jumped. U stupid bitch.,2
87,get drumk bitch!,2
88,"You didn't imagine it. It was the ""get away from her you bitch"" climax scene being parodied.",2
89,She makes me sick. She thinks she's cool and youthful cuz she watches that show. Phony bitch.,2
90,Then she changed roles and she is a little less bitch from hell but still  her sting has too much barb.,2
91,you're a bitch.,2
92,how did you meet dad BITCH!,2
93,Yeah  those same ugly guys that do gay-for-pay. That's why I demand hot girl on girl action in my porn. Oh oh. Yeah.,2
94,bitch what ? hahaha. j/k.,2
95,Ya know  you can take full credit for memeing @evo_terra's cock-measuring fetish. I won't argue.,2
96,you're a bitch.,2
97,well mine are double flared  so they are a fucking homo bitch cunt to get out. aggrivation!,2
98,RT @CeeJayCraig: I just got called 2...because I get paid the same as guys and I'm not a sheep to the feminist movement..ok @kaytugs @���,2
99,Has anyone else wondered if Kat has recently escaped the psych ward? ������������ #mkr2015 #mkr,2
100,RT @Carlos88Nunez: Hmmm Thor is now a girl I'm not 2 but I hope this gets explained really well @Marvel #Thor #Loki #MarvelMovies #Odi���,2
101,As long as there are people like you left @Benjamiin305 I'm not 2 but does the WNBA really have to exist,2
102,RT @elya_halim I am not 2. But i am becoming one when i am driving.,2
103,RT @maxpascazio: Call me 2 but I don't like a girl who's overly into football,2
104,RT @Lavita_ Still not a fan of this lady that commentates during games played on Sabc... #Not2,2
105,"RT @ryanklang: @Norse_Gamer @MT8_9 @ActionFlickDoc  Hey look, me too! http://t.co/N99JpaNtsq",2
106,".@GRIMACHU Sounds a bit too much like ""separate but equal"". It's sexism, bias, bigotry, you name it. @MoJGovUK is clearly infested w bigots.",2
107,RT @AsheSchow: Women���s Studies: Learn how to tell other women they should study something other than women���s studies RT @Eliah_R: http://t.���,2
108,RT @BeRh00M if we are talking about a viking sized man with huge amount of lust and a 150cm girl .. then no I wouldn't like it,2
109,.@Mich_McConnell @Cerebrawl80 @TamedInsanity Literally asking YOU to explain what you know the 23% figure represents. What does it compare?,2
110,@CampbellPaton I'm not 2 but the Canadian anthem should not be changed... It's tradition we all know now that men and women are equal.,2
111,"Whoa. Nice, uh, ""impression,"" Celine.#elephant #nailedit #mkr",2
112,"RT @jamiecowan92: @frankthewank1 they don't even know what they want, then they say things like ""it's a woman's prerogative to change her m���",2
113,RT @AlexNew93 I'm not 2 but I just cannot stand this fucking hardened feminist wankers,2
114,No need to apologize; no one cares about your opinion @LeggUSMC I'm not 2 but women don't belong in the infantry. Sorry.,2
115,"RT @Ratillathehun: @WomenDefyUKIP  I`m not 2 but it`s thanks to feminism that the UK is such a mess. I mean Harriet Harman, Nadine Dor���",2
116,@The_Loki_Jotunn @melisssugh I need a meme of that...that's my day in a nutshell.,2
117,#mkr all Kat needs now is a witch's hat! Let's see how they go.,2
118,So Twitter is calling Kat crazy eyes!!!! Bless you Twitter! She literally has the craziest fucking eyes I've ever seen. #mkr,2
119,"*vomit* @j_degeorge I'm not 2 by any means, but no woman should ever be allowed to announce a football game #KnowYourPlace",2
120,"RT @nikochoski: #AdviceForYoungFeminists Remember boys are stupid, men are more stupid. Instead of rocks, throw rape allegations on them. T���",2
121,@DavidicLineage I present Exhibits V-Z that #FeminismIsAwful http://t.co/xDh0uVQEl5,2
122,"@ChristinaLoken1 Do you think implying someone can't get laid is ""2"" or ""abusive""?",2
123,MALE OPINION ALERT! @MusicYouSavedMe I swear im not 2 but WNBA..........I'll pass lol,2
124,RT @jowilliams293: On #InternationalWomensDay women who inspire me: @CHSommers @Fox_Claire @clairlemon @cl_kitchens @CathyYoung63 @XXFactor���,2
125,Cat get onto the keyboard again? @CalebKn I'm not 2 but I don't believe in equality.,2
126,Yup there still hot blondes #mkr,2
127,"#mkr was not a fan of the promo girls, but Kat is worse !",2
128,���@myallsw: Nice arm pit vagina #MKR http://t.co/sv9HLKQ2aM��� It's deconstructed.,2
129,RT @sports2inflatio: Must put words in dead man;s mouth and claim all his work as #feminism 's #adviceforyoungfeminists ex:@HuffPostCanada ���,2
130,RT @Travieee23: @Trizzzy13 I didn't know you could throw interceptions and make tackles in the kitchen.,2
131,"@MSharkess @CriticalKelly @MensHumanRights @robinashe @RampaigerA79 @Mislu_Kravin No problem, she deflected anyway...",2
132,"I ask this every year. So looking forward to the older blonde.
Cue geggy tah ""whoever you are""
 #mkr",2
133,"@kittoms Social Justice Warrior AKA the liberals/feminists who are so ""tolerant"" they tolerate nothing &amp; want to impose their views on world",2
134,Sorry #killerblondes but you are a long LONG way from refined. #mkr,2
135,"Kat on not winning people's choice: ""I can't believe this! Obviously those campers were voting strategically."" #mkr #delusionalcow",2
136,"RT @Strubbestition I'm not 2, but personal opinions shouldn't be considered 2 remarks (in almost all cases)",2
137,#mkr Kate is a bitch,2
138,RT @robjamjar: @MT8_9 Maybe she was 'raped' by a cubist and it's a symbol of her burden,2
139,RT @WisNasty2point0 I'm not 2 but I really don't get it when girls are just like completely incompetent in the kitchen,2
140,RT @LeoOlivares93: I'm not 2 but women shouldn't be able to drive!!,2
141,RT @jondogg_sports: Working with females is difficult. Have to walk on eggshells as to not offend them. No I'm not a 2 person. I'm tal���,2
142,"Kat, you are a reprehensible individual #MKR",2
143,@DQTwitchStream Allegedly did Hartnells ugly wife.,2
144,"���@jaccidental: Krazy-eyes Kat needs a kick in the ku...
#MKR #mkr2015��� See this one @JennaWilkins ����",2
145,Is it just me or does it look like kat's sucked the life out of Andre and left him as a shell of a man? #mkr2015 #mkr #katandandre,2
146,"Need what he's smoking @RajAshok5 Being feminist isnt 2 BUT ASKING LAWS &amp; INSISTING THAT WOMEN ARE CORRECT ALWAYS, MEN ARE CRIMINALS IS",2
147,@AmarinaW OK.  My main interest is whether feminists will blame a book written by and read by women on men somehow.,2
148,RT @Vulc4nMind @Aandapples  // nope. I'm not 2 but I think the doctor should stick with a male,2
149,Fuck off Kat #mkr,2
150,@CheckItCool @CriticalKaiju Which tag are you referring to?,2
151,@boxedariel Can you explain the wage gap?  What does the often cited 23% figure reference?,2
152,RT @GrahamButler711 I'm not 2 but all female rappers need to just stop,2
153,RT @amyalkon: Sad When The Most Basic Fairness To Men Is A Revolutionary Thing: Paternity fraud news in Washington State &amp; Detroit http://t���,2
154,RT @CausticDefiler: @MT8_9 just gonna leave this here for you http://t.co/jYQMQJUHua,2
155,"what I see as a fact rofl @aliffabr Emotions get in their way far too often. I'm not 2, I'm just stating what I see as a fact.",2
156,RT @PoshLopez: I wonder which of the blonde molls screwed Colin to get that score? Probably both. #mkr,2
157,RT @JakeDandrea_: @YesYoure2 @AnthonySammarco Stop being a feminazi because you struggle at attracting the other sex. Stop starting dr���,2
158,RT @fkn_always_ I'm not 2 but I don't like movies with women with the main role.,2
159,".@manishlimbu532 No.  No reliable numbers.  But, a small town police department did a nine year study of their cases once...41% false.",2
160,"In @AbeAmas's version of Legend of Korra, the main character is Mako and it's a story about hair gel and filing routine paperwork",2
161,RT @DarylMansbridge Just don't find Woman comedians funny in the slightest #Not2,2
162,"RT @SomeKindaBoogin: .@Sushilulutwitch good info, thanks. are we all seeing that MSM is about storytelling, not fact reporting? #gamergate",2
163,"RT @TiquanGray: Im not 2 but females now are trying to say that they're better than men, when they went through so much history saying���",2
164,@halalcunty @biebervalue @liamxkiwi @halalflaws A lying Taquiyya bitch with zero followers opened an account to feed me bullshit.,2
165,"RT @scout_nj: If you don't negotiate good salary going in, it's difficult to make that up later. @njemm008 @gabystama @MT8_9 @JimyIsAHappyB���",2
166,RT @lord_yogurt TBH you can call me 2 but the sight of girls smoking is unpleasant,2
167,"The 2 litmus test is if you call out a lvl 2 2 comment &amp; the dood comes back with lvl 10 guns ablazing, ""pussy"" &amp; ""cunt"" &amp; ""bitch""",2
168,BACK AT YOU DOUCHE @GrindMode407 Mannnn I'm not 2 but if you a female &amp; you can't cook #KillYaSelf,2
169,"@witch_sniffer @auntysoapbox ...invented ""dogging"" videos but can't have Page 3.",2
170,@cjn159u ...it's backdoor communism.,2
171,"@ElizabethHobso6 @naomirwolf Is that just a male thing? Whenever I click on ""Female friendly/female choice"" porn, it's same as main content.",2
172,"These 2 delusional, narcissistic hostesses on #MKR make me want to vomit my own dinner up.",2
173,RT @pmb527: #GamerGate obviously Madden is a 2 video game series that refuses to add female characters. #TweetLikeAFeminist,2
174,"RT @CHSommers: How NPR helped create the current panic over a phantom campus ""rape culture."" @jonathanchait @sullydish @davidfrum http://t.���",2
175,RT @therealtjorsini not 2 but girls just cant sing country as well as guys,2
176,"RT @Eliah_R: ""Lets create a nicer society by acting like absolute cunts to everyone"" - Social Justice Warrior Logic #GamerGate #WomenAgains���",2
177,"RT @AlexSummers92 I'm not 2 but.. ""What Ferrari was it?"" @Ellen_Skinner ""a red one""",2
178,WHAT A DUMB BITCH #MKR,2
179,RT @travisnashh: @YesYoure2 because you hate a group doesn't make you 2 dumbass,2
180,Katie and Nikki may not be going home but 57/100 still isn't that impressive. I wouldn't be happy about that score you smart ass bitch. #mkr,2
181,RT @SomeKindaBoogin: #WhatFeminismGaveMe irony http://t.co/NsSXyZJXfk,2
182,"@Dreysander1 Biurny Pegeuro put a man in jail for 20 years, never even had sex. Lied to her friends about ditching them at a club, so she...",2
183,RT @mshaysoul: Sometimes I think cute is the best form of attractiveness.,2
184,"RT @BigRilesMMA: I'm not 2 but most women comics suck. They aren't funny, period. Lisa Lampanelli, Amy Shumer and a couple others, don���",2
185,"RT @DamianMichael93: I am not 2 but when I say I hate the two idiot female roommates I got stuck with, without choice. I mean it. Perf���",2
186,"Says more about you than about them. @WizardryOfOzil I'm not 2, but a female standup comedian has never successfully made me laugh.",2
187,@BrokeTilIGetRch No @PelorsHope is right.  Welles died before finishing the film.,2
188,"RT @Willy_Goncalves I'm not 2 in any way, shape or form but the female presenters on sky sports news are soo prestigious",2
189,"WOW @akkawi_ahmad @shaynaleibowitz girls are better at other things, like school, and being organized",2
190,RT @Itsjust55496420: Why wouldn't the other teams score up when they know Kat is being strategic? FUCK YOU ALL... WEAK BITCHES!!!!!!!!!!! #���,2
191,"@BristolBen @aamattyhealy FTR...I'm an ERA, not MRA.  Term MRA is flawed for same reason as feminism...gender specificity.",2
192,"RT @nonirishpaddy: If someone hates you, it's because of what's between your ears, not what's between your legs #adviceforyoungfeminists",2
193,"Get Gordon Ramsay on there he'll sort #cuntandandre out
#mkr",2
194,RT @c_marchionni: I'm not 2 but women need to stop trying to be country singers. #godawful #leaveittothemen,2
195,RT @YTM1staWu1fy: #QuestionsForMen Do you ever find it hard to take a # seriously when it is designed by a hardcore 2? http://t.co/y9K���,2
196,RT @ThatFrancopoli: @MT8_9 @Hacks4001 Ranch Dressing on pizza? WTF!?!??! No Pineapple was bad enough from these monsters!,2
197,"RT @Matt_McCabe7: I'm no 2 but the last thing I wanna read about is women's, football or cricket on the sky sports news app! #controve���",2
198,RT @spencer_hynes I'm not trying to be 2 but I don't think women should announce football games,2
199,"Ah feminism is still going strong, ""At least we're still two young,hot, blondes."" #MKR",2
200,RT @johnnycashman8 If i let a girl drive my car it means something. #not2 #justscience,2
201,"Hehehe Lloyd's balls were dry, I bet he's heard that before #mkr",2
202,RT @OlieCoco: Fingers crossed Kat &amp; Andre go into sudden death - where they belong! #mkr #katandandre,2
203,If only this Sasquatch had wings to help these girls fly out of the whole they've dug for themselves #mkr @mykitchenrules,2
204,RT @mrmodace i'm not 2 but the vast majority of women i know are pure evil,2
205,RT @RobDurbinn I'm not 2 but women rappers are a bigger joke than the WNBA,2
206,"@idesequera I dozed off and missed #mkr let me guess, Kat was a see you next Tuesday? ����",2
207,"RT @_chonz Call me 2, but I couldn't watch a women do standup if my balls were an inch from the bandsaw.",2
208,"RT @mugnezee Not 2 , but watching girls ice hockey is really painful .. What are you doing ???",2
209,@TheaGumbert @aussielung Abortion is convenient.  Your point?,2
210,"RT @causticsodafizz: @MT8_9 @JustLaurenB @AutumnReinhardt @comattwow @Daseetmane @victorymonk Remember everyone: 20% believe in feminism, 2���",2
211,Yes! #weirdsexism is back! @hehweh It's kinda weird to think women have #genitals. #not2 #justsaying,2
212,@MaddyBaylor @LBigmann Exactly.  Never had an Econ class EVER.,2
213,@shaner38 Avs REALLY needed the D man too...but they made right pick.,2
214,"RT @milkyway40: I'm not 2, but female sports announcers annoy me.",2
215,RT @Rildom1: @urmindblown wind shield wipers were not invented by women first was Robert A Douglass I'm not 2 but that fact is wrong,2
216,RT @iamomarkhalifa I'm not 2 but I don't give a fuck about women's football #BallonDOr2014,2
217,The world is enriched by your wisdom. @moe_mixed_kid I'm not 2 but I make 2 comments because it makes me LOL.,2
218,RT @Banthemoms I'm not 2 but I hate feminists females already got equal rights stop complaining,2
219,"Suck shit Kat you vile, venomous, nasty bitch! Giving shit to Annie and Lloyd, only to be told your dish was gross! Karma Bitch! #MKR",2
220,".@BlackOpal80 But, the idea they want to do ANYTHING but lecture with dubious facts they don't want challenged is exposed by their blocking.",2
221,"RT @HipsterNudesGod: I'm not 2 but I truly believe that 9/10 women cannot drive idefk why the hell they can't, but they're deadly behi���",2
222,RT @serlasco I need a girl that'll iron my shirts and not call me 2,2
223,RT @carlyfreddy: I'm so not 2 but girls cannot wrap burritos at chipotle..... I think it's known fact. COME ON LADIES STEP IT UP,2
224,"#MKR your meatballs were dry, things Lloyds never heard before",2
225,"She's crying over how poorly she raised you. @MAFGHAN94 Where's my mother, I'm in need of a sandwich #not2",2
226,RT @AnikaRoseAus: They say they care about men's rights but when speaking to groups who represent them - they block us. Seem they enjoy the���,2
227,"RT @victorymonk: @thisonesakillaa @MT8_9 Reminds me of Simpsons where grandpa was screaming ""Death!!!"" at everything. Now it's rape. https:���",2
228,"RT @BenjiLaw1: I'm joking when I tell a woman to make me a sandwich...but if I want spaghetti, bitch better make it. #Not2 #Spaghetti ���",2
229,RT @mshaysoul: Don't call yourself a bitch then say a man can't. Don't call yourself a nigga and say a white man can't.,2
230,"RT @OddBall__: @MT8_9 @BoycottBrandy @AudioFidget 8% of RN's are males, 43% of CRNA's. There is your nurse ""pay gap"" right there.(Well most���",2
231,RT @MGTOWKnight: @FactsVsOpinion @MT8_9 What is often *called* feminism now is not what is defined by the dictionary. Same thing,2
232,Piss off Kat with that stupid smile on your face #MKR,2
233,@Mora_Fornelli An enemy of @clementine_ford is good enough for me...F/F,2
234,"RT @BeyondBabyMamas: Mamas, if your child is btwn ages 4-12 and you're struggling to buy a holiday toy,fill out this form: http://t.co/EJ2a���",2
235,"RT @ColbyHarris902: I honestly can't believe they added female Soldiers to Call Of Duty Ghosts, I'm not 2 but it's kinda weird and a l���",2
236,@SkyPirateVegeta Familiar w/ it.  Insane.  Patriarchy has clearly failed this man...,2
237,"RT @Deanowen118: I'm not 2, but why the fuck do girls try and talk / tweet about football to impress lads. This is our thing, don't ru���",2
238,"RT @DyslexicDwarf I'm not 2, I'd just prefer it if she was making me a sammich, instead of reading Twitter.",2
239,She���s such an evil bitch. Now who���s not smiling? Shove it. #Kat #MKR,2
240,RT @IWantMooro: I'm sorry. Call me 2 but women shouldn't get involved with football. I've made an oath never to take a bird to the lan���,2
241,"RT @Justice_CHROME Now I'm definitely not 2, but if you're gonna be awkwardly feminist I will call you ""poppet"" every-time I see you",2
242,I'm gonna gouge my eyes out if this bitch doesn't get off #mkr #catandandre,2
243,"RT @JustMarn Im not 2, but When it comes to learning i prefer a male .. All my fave teachers were male.",2
244,@The_Last_Ride1 Exactly.  Thor is really not theirs to reinvent.  Do a female Daredevil or something if you want to pull that gimmick.,2
245,"RT @CathyYoung63: To @MHarrisPerry, #BlackLivesMatter obviously does not include Brian Banks, whose life was nearly destroyed by false rape���",2
246,#MKR anyone can cook from a can girls.,2
247,RT @Itsjust55496420: Go hot girls!!! #mkr,2
248,Positive Polly just fucked off to the pancake line #mkr,2
249,RT @_little_old_me: Who are the pretty girls these 2 blonde scrubbers keep talking about? #MKR,2
250,"Have some tact, Kat! #MKR",2
251,"RT @NateGutman: Just to clear things up, I don't skip female comedians because they're female. Just because they generally suck. #not2���",2
252,CONVINCED THAT KAT IS SATAN #MKR,2
253,#MKR praying these two bloody bimbos will leave the comp in the next round,2
254,"The MAJORITY are doing all the work. @itZ_sivZ Not 2, but majority of girls are useless in group projects lol.. MAJORITY",2
255,RT @RBPundit: Scott Walker should troll the left and get an online degree in Gender Studies.,2
256,@RealTrumpsFeels ...or the fugly.,2
257,"RT @Bohagan81: Call me 2 all you want, but from stories/seeing this kind of stuff go down, women as a whole need to change how they co���",2
258,"RT @FO7935: 40 year old woman marries herself after she can't find Mr. Right, goes on honeymoon to Dubai lollol omg stop http://t.co/dfcIAN���",2
259,Can someone give Kat a slap across the head #mkr #bitch,2
260,RT @kristc67 When a girl looks more buff than me... #gymtime #eeew #notcute #not2 #justscared,2
261,"RT @sara771987: @adriennecgomez @MT8_9 there's too many people with common sense, sorry. We don't need to rely on feminism to bring about e���",2
262,"Kat calls it strategic, I call it being a biatch! #mkr http://t.co/zVCx6kVAIV",2
263,@NewIdeamagazine:They weren't kidding when they said deconstructed! #mkr Yeh. Seen better shit in women's magazi... Oh. Right...Sorry #MKR,2
264,SO CLEVER @Billy_K11: How are girls so bad at math when they know so much about hair volume and the volume of their mascara #Not2,2
265,RT @KinnleeB: The FIRST ever Man vs Woman MMA fight is taking place this weekend in Brazil. Like for real? This should not happen #NotSexis���,2
266,.@MSharkess @CriticalKelly @MensHumanRights @robinashe @RampaigerA79 @Mislu_Kravin ...I was waiting for her answer to use that exact line.,2
267,Sassy.. More like trashy #MKR2015 #MKR,2
268,@AnonMnom @LBigmann Any real world examples of women actually being jailed for it?,2
269,"RT @YvonneNiShiocru Call me 2, I dont like most female comedians but Katherine Ryan from Canada is feicin hillarious.",2
270,.@mark_kaiserr Im not 2 but every food place I work at the girls come in for a couple hours to answer phones &amp; complain the entire time,2
271,RT @stardust193: Algerian Sheikh: We Have No Need for Women's Rights http://t.co/JYg4E9LtEr #Islam #Sharia #WomensRights,2
272,@breeannamclovin cock for main and extra tart for pudding... Think they're trying subliminal messaging? #mkr #subtleasasledgehammer,2
273,@themanclaw Yes...and real shit...,2
274,Gay fianc�� is not going to cope being away from the fresh meat #MKR,2
275,RT @mensrightsrdt: #mensrights@reddit http://t.co/voFfUHmnAs petition to call attention to Judge Kathleen McCar... http://t.co/TJlTPFd00n #���,2
276,RT @ash_p_ash: Faaark! The blonde promo girl walks with all the grace of a tradie in drag #mkr,2
277,RT @missgypsyck: Sassy.. More like trashy #MKR2015 #MKR,2
278,RT @RomeoRakheila on my way to vote for SRC.. call me 2 but I aint voting for no Lady..,2
279,RT @Jack_McCormick1: I like my pickles like my women: thin and cut #Not2,2
280,"@Anthony3291 If they had any shame or self awareness, sure...",2
281,RT @Itsjust55496420: Annie looks like a mouse #mkr,2
282,"RT @BigLam55: Call me 2, but our society makes it seem as if woman are always right. Their  word carries more power In court than a ma���",2
283,10-to-1 odds this guy faints after one punch @AaronObviously I'm not 2 but girls can't fight and if you think you can you need to stop,2
284,"RT @JamesAltoft I'm not 2, but any other driver would just drive not stop every 2 seconds when an open lane is to your left!",2
285,"#DontDateSJWs unless you want them to date you, bang you, call you, stalk you THEN cry rape &amp; do ""performance art"". http://t.co/vRPol5nc67",2
286,RT @SClowers6: I'm not 2 but I don't agree with women on sports shows that talk solely about men's sports.,2
287,RT @rinehart33 I'm not 2.. But women drivers are terrible.,2
288,@ChristinaLoken1 I derive the same meaning.  What have I missed?,2
289,#bizarresexism @LifeOfStrife I don't know why buy I find a hearty handshake between two women to be very awkward. #not2,2
290,RT @theeaglesfan005: @Kbeelrsreiyen not my fault people feed stereotypes. For example my sister... She's been in multiple accidents,2
291,@holliebakerlutz What does that 23% figure represent?  How was it derived?,2
292,"You can shut the hell up about it, though. @SicknessTheDick I'm not 2, I just can't control how much I love big butts.",2
293,@lilbeastunleash cos that's all they suck to get their jobs #MKR,2
294,RT @winkfieldjohn I am not 2. But womens darts .....,2
295,RT @NathanPoole3: Song if you're guna hit someone don't punch them like a girl #WasteOfARedCard #Not2 #10SecondHeadLoss,2
296,RT @2DogsCaged: @MT8_9 @Justin_Thyme_ @B1gTruckDriver @joyintorah18 ..song ranked No.1 on 26 record charts &amp; received 5 Grammy Noms. http:/���,2
297,#MKR Kat: the Wicked Witch from the West,2
298,"RT @jimboslice_13: @YesYoure2 you insinuated twitter raping me yesterday. Also saying only women get raped, that is 2. Little bes���",2
299,"Because fat men and fat women have equal opportunity in this world, right. @Carlozaffino I'm not 2 so I will call you fat if I please.",2
300,@mykitchenrules @bjtqld:  #mkr2015 #mkr I think Kat thinks she is the best chef ever. Ah hello no,2
301,@The_Loki_Jotunn ...WTF?,2
302,"RT @TehMenz: #QuestionsForMen Did you know that scientists agree that women ""slut shame"" to make vaginas more valuable to you? http://t.co/���",2
303,@KellyTurner99 @buellerishere But bitches like you will only speak of the 1 or 2% killed by drones. Against your own culture every time.,2
304,"RT @GrindMode407: I Cook Bitch ;p""@YesYoure2:BACK AT YOU DOUCHE @GrindMode407 Mannnn I'm not 2 but if you a female &amp; you can't co���",2
305,"RT @MensHumanRights: .@CBCToronto This drunk woman legally knows better than to endanger lives driving drunk but, can't decide whether or n���",2
306,RT @thevelvetbrick1: Whose 2? #LikeAGirl vs. #sorryitsaboy http://t.co/P44oQEBT0h @treysanchezsez  #AntiSJW #WomenAgainstFeminism,2
307,"RT @shoe0nhead: @thisonesakillaa @MT8_9 @TehMenz ""women r just as strong as men we r all equal wait men r stronger dont hit women we r weak""",2
308,"@trishesdishes Are you aware women have more, not fewer legal rights than men?",2
309,@boxedariel @LostSailorNY She can abort. Adopt it out. Safe haven.,2
310,yeah colin would be looking for more fat in his sausage.... #MKR,2
311,RT @kushkingmorris: I can't even sit down and watch a period of women's hockey let alone a 3 hour class on it...#not2 just not excitin���,2
312,"@LaniG134 Kat has more of a football head,  I see her head and just want to kick it #MKR",2
313,"Stop fucking objectifying strangers. @nikeenan call me 2, but i love to watch women with fat asses walk away",2
314,@avacadosoup ...unless you learn propaganda.,2
315,RT @teesmurf Richard Petty was right. If Danica Patrick was a male no one would know she was on the race track. #not2 #Daytona500,2
316,"#mkr why do all these people WANT to cook for a living? Don't they realise it's another chore, just more housework? It's fun once or twice &gt;",2
317,QE-FUCKIN-D @RizwanRock7 Are there any good female comedians?? Or comediennes if you prefer? Can't think of even one! #Not2,2
318,So many people must want to be your friend! @faded_A_wray420 Sent a mass snapchat of my laundry asking only women to fold it. #Not2,2
319,"No @minasmith64  as @d_m_elms says it's just ""school policy"" to deny legal rights to people who look like rapists.  ""Rapial profiling"" Duh.",2
320,"RT @THECASEYLACEY I'm not 2, but a girl driving a truck to me is weird, but if you wanna look dyke, by all means.",2
321,@imprisonedrider Can you explain why that would be 2?,2
322,@victorymonk @HarryIsaacJr @SexyIsnt2 No clue who she is.  Harry might...he was OP.,2
323,@boxedariel Where is your knowledge of feminism derived?,2
324,RT @GRIMACHU: @coathangerproj This happens to men all the time. Men have no reproductive rights whatsoever. #Questionsformen,2
325,RT @regxb: I'm not 2 but women are just bad at driving lol,2
326,I should start a drinking game..  Everytime the girls compliment themselves skull. I wouldn't be in great shape tomz tho ���� #MKR2015 #mkr,2
327,"RT @DevilsGambit: @MT8_9 @Redbob86 ""Feminists and comedians are natural enemies."" - Louis CK",2
328,"RT @SanghaRaman: Honestly man I'm not 2 but 99% of women cannot drive, it's just fucking unreal. Every single time I am about to get h���",2
329,"Next week n New Idea, Lloyd and Drasko's secret sex romp #MKR",2
330,@comattwow @ChubsSays ...I am attacking feminist's character.  No one else's.,2
331,"RT @MattCote13 I'm not 2, but I get scared when women drive behind me. Particularly young ladies. Old ladies keep on putting along.",2
332,.@SopranoJM  ...can't relate.  Have to be overtime of Game 7 of the Stanley Cup Finals w/ no DVR.,2
333,"Someone's voted strategically ������������ no Kat, you just can't cook!!! #mkr",2
334,RT @SxFlint93: I'm not 2 but women should play football past the age of 12 unless they're over 285,2
335,"RT @BCONNfidence: I'm not 2, but girl fights just plain suck. Whether its professionals or 2 girls on the street, I want no part of it���",2
336,".@feministlah @GreenWeiner Way way more than one...and why not...that's how they arrive at ""male privilege""? #AntiSJW http://t.co/LmPvPJvsyx",2
337,@initials_games Big news! Wait does kat actually still think she can cook? #mkr,2
338,@anniekfox Who would that be?,2
339,Chloe and kelly ...i seriously hate those girls. Arrogant! #mykitchenrules,2
340,RT @metin_gozde I remember when I used to refuse to get on the bus if a woman was driving it #Not2,2
341,"RT @jmeade82: Im starving.  But im so worn the hell out from work i cant bring myself to get up, let alone go cook.  Single dude probs.  #n���",2
342,"@AnonMnom Odd that Google can find no relevant examples of it actually being enforced then, huh?",2
343,RT @Reni__Rinse: usually don't watch female led movies but when it's scarlett johansson.....sole gonna havtoo hahaha #Not2,2
344,RT @The_Loki_Jotunn: @MT8_9 @comattwow @JustLaurenB That's about the sum of it���� http://t.co/l3aN6kURhx,2
345,@failedmgc OK.  Men have fewer legal rights in EVERY western nation today.  Get to work...,2
346,RT @t21gud Am not 2 but most woman can't drive no offence girls your the best at everything else tho,2
347,Sucks to have the smile wiped off your own face huh Kat? She in a glass house should not throw stones. #mkr  #mkr2015,2
348,".@BoycottBrandy No, those are lies, too.  Read the Hanna Rosin article to understand why claiming your proof as proof is pathetic. #EqualPay",2
349,"I scream ""WHAT A DUMB CUNT"" at the contestants on #MKR way too much for someone who just over-salted a cucumber.",2
350,"No brain, no concussion! @CFCFanatic Not 2 but girls should be allowed in football shows only if they have brains.",2
351,"@stevenbirt4real @Phasmatis75 @SirScatters @LostSailorNY To some, yeah...",2
352,RT @dloman62: I'm not 2 but whenever I get mad at another car when driving and I see that it is a woman driver I am no longer mad and ���,2
353,http://t.co/flERluQXq4 @molliejones_ i'm not 2 but there's something so off putting about girls liking the football #controversial,2
354,RT @JoeParker45 Not sure women's darts should be on tv unless these too are just really bad! Seen better in the pub #not2 #justshocking,2
355,@halalflaws @AMohedin @islamdefense @haroonstyles @greenlinerzjm It says women must stay at home and not display themselves.,2
356,@mistaphill Honestly... Belzer or Ric Ocasek of the Cars...I'm torn...?,2
357,RT @Oli_Peace Can't believe they are releasing a female Thor comic book series. I'm not 2 but I really don't think it would work.,2
358,RT @AnthonySammarco: @YesYoure2 Yeah you are a feminist so shut the fuck up if you are going to be arrogant,2
359,RT @mantasfl Some girls should dress up as housewives since they're hoes all year long,2
360,RT @RHoward617: @RossBarnes9 I'm not 2 but I hate hearing the female football sports casters. Idk why,2
361,"Repeat a lie often enough, etc. @luchi_55 I'm not 2, but girls aren't funny.",2
362,"#mkr if we have to see Kat on the TV past tonight, I'm out",2
363,"@thisonesakillaa @JusticeForAnita A well done, one...must say. Fem I was arguing w/ had RT me a few times..so I thought this was her cavalry",2
364,This just makes me so tired. @SammySharples I'm not 2 but women comedians aren't funny at all #EndOf #CaseClosed,2
365,.@BristolBen @TheGags29 has either taken to some seriously ham fisted trolling or shes on meth/out of meth which I have suspected about her,2
366,@Dreysander1 Should be. I already have the advice for future college men.  Find older women OR date girls from ANY college but yours.,2
367,RT @Conquisatdor_RF: Call me 2 but I can't stand playing golf behind females especially middle aged to elderly ones. SMH SPEED UP OR G���,2
368,RT @JohnHague7 Call me 2 but I can't stand seeing girls neck a pint,2
369,#mkr the only thing funnier than an upside down ice cream maker insert?  When my brother's ex wife admitted to burning water.,2
370,@HumanistFury @ListenToRaisin @BristolBen I have about 12 like that.  Would be hilarious if she didn't need help so bad.,2
371,"RT @The_Loki_Jotunn: @MT8_9 ""It's easier to fool people than it is to convince them that they have been fooled"" - Mark Twain - @melisssugh",2
372,RT @cpham_15: Girls that are cheering for a team bc they think one of the players is hot need to get back in the kitchen #Not2 #JustTh���,2
373,@drimranqamar She is lying.,2
374,"RT @Superjutah: @MT8_9 ��34,000 is ��9000 above the national average wage PLUS it's tax free... http://t.co/BJuAe9Zyjj",2
375,Hahahahaha blonde moment! #mkr,2
376,SO CLEVER PULITZER TWEET @0cclus I think women should wear make-up while driving. Just so they look in the rear mirror occasionally.,2
377,"YOUR WIT HATH BLINDED ME @TheRealTempus @YesYoure2 Damn you made a page all about it, daddy never loved you huh?",2
378,"RT @DeaniesWienies: My last Tweet, ???? Im not 2 but ummmm I think the whole equality thing is getting out of hand. We are different, ���",2
379,RT @AllstateJackie: Antis will stop treating blocks as trophies as soon as feminists stop treating blocks as arguments. ������� #GamerGate,2
380,"These girls say they're butchers, I once worked at a boat hire shop so I must be a ship captain #MKR",2
381,RT @ryangowan29 I'm not 2 but i hate serving women! They're so unbelievanly fussy about their drinks,2
382,RT @kinghatemode: she made a gif of a black street fighter player as a monkey. she started getting heat for it  #GamerGate http://t.co/Dq73���,2
383,Fuck cat u are even uglier when u smile u bbbbitch #mkr,2
384,"Big difference between Sassy and Trashy. Sorry girls, you couldn't even work a can opener. @mykitchenrules #mkr #mykitchenrules",2
385,@thegeek_chick Please answer... http://t.co/mNh301bayI,2
386,@MeReachingout @GodfreyElfwick ...a pitch perfect parody.  My bad.,2
387,Your cooking is still shit Kat #mkr,2
388,"RT @maizerage13: You sound dumb end of story, quit crying and making a big deal of little things tf @YesYoure2",2
389,HA-HA-HA.... TAKE THAT KAT!!!!! YOU SUCK!! #MKR,2
390,"RT @Joey_Eitner Please, let's hear the woman's perspective on a sporting event. That went well #not2 #justobservant",2
391,"Paleo Pete, who does your tan? ���� #MKR",2
392,RT @g_spangler1 I promise I'm not 2 but wtf is this woman doing in a Ferrari?,2
393,Kat strikes me as a very repulsive individual... #MKR,2
394,#MKR. I actually liked Ash tonight. Though she always looks like her hair is pulled back too tight.,2
395,"@jimboslice_13 ""Never knew rape was a culture"" well COLOR ME SHOCKED to find you to be as ignorant as your 1st impression implies",2
396,"RT @joelnoizes im not 2 but girls should not rap, its weird",2
397,The least funny 2 unjoke there is. @unicatbirdwhale make a sandwich :o #not2,2
398,"@trishesdishes Go back to the top of this thread and read again, then.",2
399,"RT @ElliottVKay Call me 2, but I'm just not comfortable with ladies reffing football.",2
400,"RT @temiokomi: Call me 2. Label me ""old fashioned."" There's no sadder sight in the world than a drunk woman. Saddens the hell outta me���",2
401,RT @GrahamInglish Hahahaha I'm sorry but if you watch Women UFC fights kys #Not2 #ItsJustWeird,2
402,"When u know what an OBVIOUS lie the #PayGap is, Valenti's ""solution"" would be LOL were it not scary cuz they mean it. http://t.co/hKFsNHfine",2
403,"On feminism, it is not. @gimpymuse Im not a #feminist, I'm not #2, I'm a damn #Equalist. and My opinion is just as valid as yours.",2
404,"RT @redsteeze: Scientist lands a robot on a comet, feminists crucify him for his shirt. Biden licks ear of someone's wife - Silence http://���",2
405,"@UntouchableShe No, feminism lobbies to have equality vetoed, actually... http://t.co/ZsmzUXIbH5",2
406,#KCA #VoteJKT48ID AusPolQuestTime: Meh Ash and Camilla .. not a big fan of them much... mostly deluded #mkr #mkr2015,2
407,@ratman720 @TrainInVainn ...and this is why I knew not to bother with this Drip.  I can just smell them now.,2
408,RT @mcRelyt: @MT8_9 We have bucookie? http://t.co/Iai78l6KCV,2
409,"Kat is actually a bitch, but I had to laugh at her response.  #MKR",2
410,#MKR hot bodies in @NewIdeamagazine ?  Ok Celine just need you to take a step to the right .. Little more .... Bit further.  ����,2
411,RT @_katieorsini not 2 but female comedians are so shit,2
412,@MaddyBaylor Hey @BristolBen please translate this nonsensical nonanswer if you can...TY. @FutureFeminism,2
413,".@BlackOpal80 Like, if #GamerGate really just hated women, why bother with GG?  Need NO permission to hate. They could just hate/play games.",2
414,RT @BudLightBro FUCK. I'm not 2 but I have a girl in my recruit school AGAIN. Son of a bitch.,2
415,".@Femitheist I agree. FTR I am no fan of abortion or child abandonment.  But, I can't accept him going to jail for not abiding HER choice.",2
416,"RT @TayRaeAye: Call me 2 or whatever but men shouldn't telecast women sports, and women shouldn't telecast men sports. #sorrynotsorry",2
417,@AsheSchow @TheShujaatAli Feminist writer...think Valenti of AU from what I know.  Started the # QuestionsForMen Huff Po &amp; others wrote up.,2
418,Manu - you're beautiful #mkr,2
419,RT @SheaRettler The woman sports announcer for the badgers is making me want to use my mute button #not2,2
420,"RT @sports2inflatio: @MT8_9 our court system is failing us by letting these criminals walk free. Victim matters, gender does not. Crime Mat���",2
421,"Anyone else notice that all 3 of Katie and Nikki's dishes were based on them being sluts? Sausage, cock and tarts? #MKR #MKR2015",2
422,What a riveting little lesson in walking the catwalk. Thanks ladies #MKR,2
423,Call me a misandrist but men in hardware stores amirite @iMudassir Call me 2 but shopping with women can take centuries &gt;.&lt;,2
424,"RT @callum_s19 Why do girls think it's an achievement to not wear make up, us boys don't wear it. #bestgender #not2",2
425,"@CyanDvai FTR, I don't just mean Democrat by ""liberal"" but a specific breed...",2
426,RT @MGTOWKnight: @MT8_9 @MegNordmann There's a platform that could easily collapse under her #AntiSJW #WomenAgainstFeminism http://t.co/l1f���,2
427,YES BYE @KeyonMorris: I'm not 2 but if we ever get a woman president I'm moving out the country,2
428,RT @Ellis_Holt1 I'm not 2 but the women commentator on sky sports is shocking,2
429,So bummed the dull chicks on #MKR are using such a great name for their restaurant. #Sassy #Iamlatetothepartytonight #IQ,2
430,RT @Matt_Toppa I hate women sports analysts #not2 #theyrejustannoying,2
431,.@knux1995 ...allow word to evolve to it's current meaning (selfish misandry) and remove them from the #equality movement so adults can work,2
432,Lol bitch please... #mkr,2
433,RT @k_yah: Don't you dare put in the water works Kat!! You're evil!! #cuntandandre #MKR,2
434,"@ErikssonMalin85: Have you ever been threatened with rape by a woman? #QuestionsForMen  Yes.  Many times, but ONLY by feminist women.",2
435,@TheShujaatAli I like a multimedia approach.,2
436,"RT @ProTomahawks I'm not 2 but I went to Subway and three girls making sandwiches, four tradesmen ordering. Just an observation.",2
437,RT @ZoeHarris9 Call me 2 but watching women play rugby is just plain wrong #weird,2
438,RT @ZionHorst: @MT8_9 @egyptinparadise https://t.co/oSSr7ASHGD a metaphor here somewhere.,2
439,RT @ab0cybias: @garbage_person @MT8_9 @thisonesakillaa wanting to determine facts before making judgements is seen as an act of aggres���,2
440,RT @LydiaJoy2015: Pretty sure most people are taught that drugging others isn't okay���� http://t.co/sfSGvH5vI7,2
441,"@CavusSeyit ROFL. I just looked at who you follow, and I see three of Oktar's bimbos on your list.  Yeap, I can always smell an Oktar zombie",2
442,These NSW promo girls think way too highly of themselves.. They're not even attractive ���� #MKR #MKR2015,2
443,RT @Gillistheone: I'm not 2 but I need a cleaning lady. It's either paying someone or buying prescribed meds for back pain I can do wi���,2
444,"RT @ckerr1214: I'm not 2 but a woman shouldn't have to open their own door, pay the bill, or drive but I still beleive in chivalry so ���",2
445,RT @YesYoure3 @JoshRayney Not 2 but can't stand women Black cabbies...just saw two on the bounce #BigNoNo,2
446,"Just me, or hot blondes on #mkr not at all hot?? Just average!",2
447,Kat needs to calm down with the crazy eyes #mkr,2
448,#mkr The only thing these promo girls are going be able to sell after this episode will be black hair dye #painfulmorons not #killerblondes,2
449,RT @Another_Scoop Im not 2 but both of out females managers are fucking retarded and overall useless,2
450,"@MrSteThompson ""I'm not 2, but it's of note when a woman surprises me with her competence.""",2
451,RT @asredasmyhair: They claim to be for equality...and then cont. to focus only on women's issues. #WomenAgainstFeminism #FemFreeFriday htt���,2
452,"@RyanSorge19 Hey, I had him on 3 of my 4 fantasy teams...",2
453,How is that rotten egg Kat not in sudden death?! #MKR,2
454,#MKR is that girl in the pink seriously a model with those armpits yikes what does she model ??,2
455,RT @NICKatnightt I'm not 2 but every female on ESPN looks completely lost when the guys start talking about football,2
456,How long until Kat heats up her crack pipe over the BBQ? #MKR,2
457,RT @Shermertron: @Superjutah @McEntropy @MT8_9 Did Jezebel or Marcotte or Valenti write about Carnell? I forgot. They don't care.,2
458,"@p4ndiamond Was on a Russian site once.  It was either Meninism or UVA Hoax, I think.",2
459,R u fucking kidding - catwalk - all that's missing is a pole #mkr,2
460,@trishesdishes Why ignore my question to deflect with yours?  Are you aware men have LESS legal rights?  Is that equality?,2
461,RT @babybrucewayne: every time I see Kat's face I feel like puking #mkr,2
462,"RT @MensHumanRights: @MT8_9 @UndeadTurning @Mich_McConnell @Cerebrawl80 @TamedInsanity She doesn't know cuz, ""Math is hard"" but, some Gende���",2
463,"Yes, you're both. @kfuru16: My sister is a woman and Asian. She is the worst driver in America #not3 #not2",2
464,RT @GrahHarwarddd Call me 2 but I can't stand females being announcers for male sports.,2
465,@tsupdawgs @feministlah I'll take any screen grabs you have.  Thanks.,2
466,@tonygoz1e @AmyJoRyan I need...twit blocked me.,2
467,"JUST FELT THE NEED 2 EXPRESS THIS 4 SOME REASON @benjorrell Don't get me wrong I'm not 2, but seeing female engineers on site is weird",2
468,"RT @AnthonySammarco: @YesYoure2 @JakeDandrea_ Y'all can exit this conversation because nobody likes a feminist you piss everybody off,���",2
469,"@mykitchenrules #MKR The girls are bringing some ""Sassy-ges"" to the table.",2
470,"RT @M_delaFontaine: @mmjspelman @Stedman77Claire @mandbeck @YoungsMaggie @beckym1985 yes, I'm not 2 but it's very much a ladies job",2
471,"Hey Kat, ""gloat"" is not a pretty colour to wear, love. Makes you look bitchy. Oh that's your 0 face? My mistake. #mkr",2
472,#MKR @mykitchenrules I hope Kat (The cat) and Andre lose and leave the show. Kat is a nasty piece of work who can't win fairly,2
473,@malugatto No.  I'm not a 2.,2
474,"@howmariefeels I think he's trolling, actually...",2
475,"@MrJackalstalks @LemmonTeaGG Me, too.  Oddly, Anita has not... I'm a bit insulted...",2
476,nope. http://t.co/5a8IkX8Jup @nzzml @amirashaa #fact women talk 3 times more than men #Not2,2
477,"RT @uberfeminist: The reality is that the caliphate is more attractive than your ultra-liberal ""safe space"", and that's too embarrassing to���",2
478,"RT @MA_Fitz I like to think I'm not 2 BUT...I cannot stand when females who are clueless about sports, talk about sports.",2
479,"RT @GreyUmopepisdn: When a radical feminist or SJW tries to argue with you, try these tips. #WomenAgainstFeminism http://t.co/UP62bkHAEL",2
480,RT @ChloeSeashell: Not a fan of this comic (too SJW-ish for me) but this is spot-on. http://t.co/fchqFYHkDB #WomenAgainstFeminism http://t.���,2
481,"How unfortunate that no one cares what you think. @E_B_A_H__3 Im not 2, but football ain't meant for women",2
482,RT @theJPDH @Lukeyjuke the majority [of bad drivers] are women right? #observation #not2,2
483,Really a cat walk that's so ridiculous #MKR @TeenWolf78,2
484,"RT @Dumpweed_: @Dumpweed_ like I'm not 2, but feminists sometimes are stupid. women make mistakes too. You are not perfect. Nobody is ���",2
485,RT @Noin007: @thewtfmagazine @MT8_9 @Mislu_Kravin @MaddyBaylor @S_H_O_D_A_N_ AHAHAHA!! That didn't take long at all. http://t.co/IPQecEmKv3,2
486,Why are the WA contestants always assholes? 3 yeas running!! #mkr,2
487,@LeoKikiLady89 Thanks. Feminists now stand in the way of equality. So we'll never achieve it until people realize they won't finish the job.,2
488,why is their whole menu dick related?!?!?! #MKR,2
489,"Welcome to my ""stupid emotionally crippled child who needs to put their fingers in their ears cuz life is hard"" list. http://t.co/Gb3n2XYwPg",2
490,"RT @emilypoultney On Halloween girls should go out with no makeup on, now that would be scary",2
491,@ValiantRook But Riley was hilarious on Stern.  Hadn't thought about him (or the Biovians) in years.,2
492,RT @ReidlosToof I have difficulty relating to protagonists that are tiny Japanese girls. Sorry. Call me 2 if that makes you feel better,2
493,Good thing you'll never get the opportunity. @ItsJonTyler I just don't feel safe driving with any girl call me 2,2
494,RT @Keltonsexy250 I'm concerned for the girls driving their dates in this weather.... #not2,2
495,.@NotChrisSmith Free market. They get what they negotiate. Producers feel it's fair or not. The actor/actress can accept or not. #AskHerMore,2
496,"@DrJoanBeckwith So, no issue with her doing the very thing she decries, then?",2
497,RT @demiboyharry I'm not 2 but I don't play a videogames with female main characters,2
498,".@cooperlewis_  None. I was going to go w/ ""toxic femininity"" or something if they answered but #50ShadesIsAbuse has great plate discipline.",2
499,RT @stdan99 Call me 2 I guess but I just can't do female commentators wanted to watch #CINvLOU but watching #FLAvMISS instead,2
500,its melting because you didnt put it in the freezer before you served it you dumb skank! #MKR,2
501,@callmemrcarter: I hope Kat gets Ebola and then hit by a train followed by a smack in the ugly face with a shovel #mkr #katandandre #mkrkat,2
502,"@HumanistFury @ListenToRaisin Remember ""Gaga""?  What would you guess her IQ to be?",2
503,@witch_sniffer @auntysoapbox I know...was on #NoMorePage3 for that whole thing.  Best troll EVER.,2
504,RT @statham_sapp: I'm no 2 but there's nothing more aggravating than a female trying to talk sports with me. I'm just like get tf out ���,2
505,@DustyPee @MrTimothyKaye I think the hashtag got some traction. #cuntandandre #mkr,2
506,RT @Dylahoogaah: @YesYoure2 shut up you dumb titwanger,2
507,"RT @sports2inflatio: This is how #feminism use young minds to do their dirty job, #GamerGate #notyourshield #adviceforyoungfeminists http:/���",2
508,"RT @maullyolly Call me 2, but women should never be allowed to talk about sports on TV.",2
509,@DazzyTheMermaid @Bbrad5150 ...to 3s.,2
510,"RT @Beowolf72: @MT8_9 @egyptinparadise @JudgyBitch1 those women are OK....Can't tell a woman how to dress.........Oh, wait a tick... http:/���",2
511,The major coincidence in the score that Kat &amp; Andre gave is ...that Kat recently scored 1 on her home IQ test. #mkr,2
512,RT @DestinTrueheart: People do not get it.Definition of Sexual assault on campus is so broad it makes most dating interactions chargeable a���,2
513,Kat and Andre shouldn't be there they suck dick holes. The moles win my vote with the burnt butter icecream #mkr,2
514,���@CarlyandTresne: Really!!! Really!!! Another round!! #MKR those butcher promo girls better be nice to Sheri and Emilie.��� Yes OR else,2
515,"Suck it Kat, you fucking cunt. #mkr",2
516,TELL ME MORE @Heartlle i dont think girls should do no shave november,2
517,RT @ZeroDom Iam not 2 but y do women have the singular ability 2 block the way coz the r busy texting! Make me miss my train y dont u..,2
518,"Can not stand the head on Kat, horrendous person! #mkr",2
519,"I dislike Kat more than the blondes who are going to tell us they're hot another 50,000 times #MKR #notaustraliasnexttopmodel",2
520,@Weeezza Gosh I dislike those two girls. They just aren't hot either. #MKR,2
521,"@mikeyfenn You appear to have common sense.  So, no, you'd be totally wrong.",2
522,RT @NatashaAllen1 I'm not 2 but male comedians are so much funnier than female ones,2
523,"Katie &amp; Nikki's next job will be playing ""people who stuff up simple tasks"" on Infomercials #MKR",2
524,"@OfficMattPenny @IrkMeIngram Ah, I see. Men ""raise their voices."" Women ""scream.""",2
525,"That's the definition of sexism??? @CepedaAriana Call me 2, I just feel men &amp; women have their appropriate roles in life",2
526,RT @PrinceLaQroix: @MT8_9 @philippenis 29 boys no girls killed isn't violence against boys 2 of 6 killed by Eliot Rodger = girls and is vio���,2
527,RT @IndyinTX31: @thedailybeast What about young men who don't want to be fathers? Any help for them? #WomenAgainstFeminism,2
528,RT @SnackPrine Im not 2 but some females need to stay off the fucking roads,2
529,"We can't even fucking ride bikes now? What the shit is this? @james19XX I'm not 2, but girls riding bikes just looked weird af.",2
530,"RT @ol_dirtymarco I'm not 2, but I must admit the ""Women belong in the kitchen"" jokes were worth a chuckle.",2
531,RT @NatalieTudor: @melisssugh @MT8_9 @Republican_Mrs gets raped they are technically blaming that man for his own assault.,2
532,#Kat could Skank for Australia at the next Olympics. #MKR,2
533,"@mcall Repeating the lies, I see.",2
534,@UseUrTongue Get help.  Seriously.,2
535,"RT @jenniferkateFPS: @MT8_9 I love this b/c I am also a scientist working with men w/ more education &amp; experience, yet I haven't experience���",2
536,@helsybobsmith @MarkusLenz15 What did he make for that role?  Not much (comparatively) I imagine.  Tom Cruise would have made triple.,2
537,You've just proved that you are two blondes with fucked up faces!! #MKR,2
538,RT @austin_philippi: Actually I hate people who talk about any sport when they can't name over 50 players playing that sport.. #mostlywomen���,2
539,"RT @jadeCFC_ Sounds like we've got a well good ref' today, bloody women should just stay in the kitchen!",2
540,"Oh dear me. Annie is a mess, also I don't see how that's a breakfast dish. #MKR",2
541,http://t.co/Vsgq8816oH @ofahmio Women and their big handbags *is* the problem of limited space in the.overcrowded train. #NOT2,2
542,.@ILivUndrUrBed  Anything but yourself.  Like EVERY feminist on Earth.,2
543,@Starius @38fanda Shhh...it's funnier when they don't know... http://t.co/c8CtwSTqrY,2
544,RT @TehMenz: @MT8_9 @brenbarber @MadMax9990 This tweet deserves more love. It's a good point.,2
545,RT @daniel_kaye: It's not Kat and Andre - it's #cuntandandre Tweeps ! Get the hashtag going!  #mkr,2
546,".@knux1995 No, no...this is my view on how to move equality forward.  Must root out those who claim equality while working against it.",2
547,@Securedhappines @WilliamBakerGG @JudgyBitch1 Nope.,2
548,RT @RMCdigi: By sassy they mean sluts right? #MKR,2
549,RT @Basedmane I'm not 2 but I can't listen to female commentators for men's sports.,2
550,@comattwow @ChubsSays ...it's not a negative or anti-you action.,2
551,"Self described ""radical feminist"" makes death threats against #GamerGate WOC for not doing/thinking as she was told. http://t.co/sVXfPPIhef",2
552,RT @rickmcgray: If they make #Ghostbusters 3 all women sorry ladies I won't watch one of my favorite childhood movies be destroyed.#notcool���,2
553,RT @ZedSe7en What the hell man? Making Thor a woman is like making SpiderMAN a woman. I'm not 2 but you just don't do certain things.,2
554,RT @Yuyunarutoballz Not 2 but women comedians suck,2
555,"Females and ""guys."" @AwkwardEP I'm not 2 but a lot of females lack true logic sometimes. A lot of guys are just dumb though.",2
556,"RT @akshxy_ Most of you girls should just go out without make up, that's probably scary af",2
557,"RT @asredasmyhair: Feminists, take note. #FemFreeFriday #WomenAgainstFeminism http://t.co/J2HqzVJ8Cx",2
558,"RT @AnthonySammarco: I am not 2. But when girls beg to wear yogas, don't get uptight if you see a guy looking. Then you are just helpi���",2
559,".@Ali_East_West @GenAnonCoward I know what a straw man is, Einstein.  What is the straw man here?",2
560,The blondies eliminated ... Feckkkk #mkr,2
561,Celine. SHUT UP. #MKR,2
562,"RT @Peyton_Drinking: #Not2 but is Erin Andrews the most average looking ""super talked about as a hottie"" ever?  Totally fine sports re���",2
563,@DidymusLeonhart Earlier she was...she doesn't care about facts.,2
564,RT @MeninistTweet: This is disgusting. http://t.co/Yn6MQjy22r,2
565,RT @Hector_newcomb: I am not 2 but changing making the next Thor female isn't something I'm okay with due to Thor almost always being ���,2
566,"RT @jackgillhouse: Now I'm not 2, but an all-female Ghostbusters 3 with no connection to the original movies is quite possibly the wor���",2
567,We proved that we're not just pretty faces. Oh Nikki you proved that when you first appeared on TV. #mkr,2
568,"what @TheRobotard8000 call me 2 or old fashioned, but the new trend of dudes taking alimony is shameful and utterly unmasculine.",2
569,@MatarMalak @MaxBlumenthal And Blumenthal fights for the abusers of women. http://t.co/IyIaF7d8mN,2
570,@RandomHero30 @rooshv @minasmith64 Who was she raped by?,2
571,these two take dumb blonde to a a new level #MKR #MKR2015,2
572,.@Wavinator @CHOBITCOIN I love HTs like this...I just spin the gallery on my tablet like the Price Is Right wheel and use whatever comes up.,2
573,RT @ben_thomas93 Call me 2 but really don't find female comedians funny at all,2
574,"RT @HarryIsaacJr: .@SexyIsnt2 #GamerGate Maybe people are saying the school system is failing, because the school system is failing. @���",2
575,RT @DJ_KAYE_: I m not 2 but y do female managers think they r the god greatest creation.. Way too power hungry .. U lot need to chiiil���,2
576,RT @Yo_aRob Some of y'all girls should be nuns for Halloween cause y'all been hoes all year round.,2
577,RT @TheIronN00B: @YesYoure2 you're either a woman or a homosexual male,2
578,I've never wanted to punch someone so bad. Kat is coming across as absolutely awful. #mkr #meangirl,2
579,RT @farouqzaib  I'm no 2 but I've seen some really dumb girls which lend credibility to the argument.,2
580,@mistaphill I know...Julianne Moore's pudgy little sister is severely overvaluing herself here...,2
581,"RT @ElleDunc Call me 2, but I preferred COD without this stupid chick.",2
582,This Colin guy is a tool... how rigged is the scoring?!! 7's for main and dessert?? How ridiculous based on past scores. #MKR,2
583,"@DQTwitchStream I like the forward group now and MAF has been great. But, our defense will get bitchslapped like a mean pimps junkie hooker.",2
584,@Audmum1 @ILivUndrUrBed @CarolynnEva You linked to BLASPHEMY!!!,2
585,RT @BrettPorter55: Why do they get a Truck after winning the superbowl but just a interview from bitchy Erin Andrews when u win the world s���,2
586,RT @fee_bee_63: Who was responsible for convincing these girls they were so pretty? #MKR,2
587,"@AliTahmizian Kardashians need to be forgotten, not emulated.",2
588,@Audmum1 The girl who played Palin in porn only got $3000 for SAME job as Patty...,2
589,"RT @reverenddg: @zoegclifford @MT8_9 @fuckism_ If your response isn't some level of introspection about it being 2, but protesting the���",2
590,RT @ollie_lobb How come when women joke about men its not 2 but the other way round it is ?,2
591,"RT @chriske17370944 I'm not 2 but the new Ghost Busters with an all woman cast, nah, won't be the same tbh #Ghostbusters",2
592,RT @Ectocooler_hi_c: #Questionsformen proves a man can be 2 without trying but women can't even when they create a hashtag explicitly ���,2
593,"RT @RCrowster: I'm not 2, but females lately are just dumbing down. Please focus on your brain and your soul than you do on your body ���",2
594,"Yeah, it's still baseball season, man! @Brennanking22 Call me 2 but I can't stand women on SportsCenter talking about football.",2
595,"to be honest I would rather have had those ""models"" stay #mkr",2
596,@VCR_Blog @Mislu_Kravin @asredasmyhair Huh?,2
597,"RT @jkow94: ""Type in ""feminism is"" on google, these should not be in the Autofill results http://t.co/K44FaGUI2t"" not 2 but i needed t���",2
598,RT @ImAnotherVoice: @Dezzantibus @MT8_9 @theesadiemarie and we still get payed equally. That stupid myth bothers me to no end because there���,2
599,RT @TheShujaatAli: #QuestionsForMen Do you agree that Porn Stars have been following #AffirmativeConsent way before it was a thing #YesYesO���,2
600,@ArdentAdvocate What's her major?  Welding for Kindergartners?,2
601,RT @VSVPDeezyy_ Not 2 but there are certain things that a woman can't tell me NOTHING about.,2
602,"RT @NatalieTudor: @melisssugh @MT8_9 @Republican_Mrs feminists believe that the existence of a rape culture is solely down to the ""patriarc���",2
603,RT @TerpConfessions: #8161 Im not 2 but for some reason every time a woman commentator comes on and gives her two cents about the... h���,2
604,"@SnstrMephisto I don't keep links.  Google ""Kate Millett sister NOW"" and you'll find it. Her sister wrote it.",2
605,"Wow, you're a huge asshole! @JonTaylorr I'm not 2, but women's football should be in the Paralympics.",2
606,RT @NoahRough I swear I'm not 2 but about 90% of girls are terrible at video games. Maybe it's just my sister though.,2
607,RT @PainfulAugustus: @lilysboo every girl should be sad for not being a boy,2
608,"@pully_tm How about we let women decide where feminism is going, shall we?",2
609,And yet antique furniture... @Rojdarabbit Ladies...If you've been around your price goes down. Call me 2 but u know it's true. #joke,2
610,"@cazzapuppy Great.  So, you support men's right to financial abortion, cool.",2
611,"@MGTOWKnight ""Give them enough rope to hang themselves""",2
612,RT @p4ndiamond: Feminists say gaming is a boys club then they also say that half of gamers are women.. make up your damn mind?  #GamerGate ���,2
613,"Seeing as you two think this is a modelling competition and not a cooking competition, I give you two a score of -10 for your looks. #MKR",2
614,.@WayneJBurrows @adriennecgomez @ListenToRaisin ...feminism would only have a name issue.,2
615,RT @dairemaureen I just think Men are better Comedians....#sns #not2,2
616,RT @orbvase: @MT8_9 @anniekfox yikes the feminists are getting dumber by the day.,2
617,RT @TheMercedesXXX: Word. #GamerGate http://t.co/6wPJPWTEQN,2
618,#mkr these 2 bimbos give me an innie.....,2
619,RT @asredasmyhair: But no...feminism hasn't changed. It's still relevant. Go sluts!  #FemFreeFriday #WomenAgainstFeminism http://t.co/Nj4v0���,2
620,RT @walkaway21 Not 2. But there's nothing that annoys me more than female sports writers who cover mens sports.,2
621,Sadly this is the 2nd time I've seen this sentiment #getalife @AndyCambridgio I'm not 2 but fuck catching a girl pokemon #pokemonprobs,2
622,@chsfword I'm guessing you learned of feminism from Beyonce.,2
623,Tonight on Nikki knows....how to be eliminated on #mkr,2
624,#katieandnikki stop calling yourselves pretty and hot..you're not and saying it a million times doesn't make you either...STFU #MKR,2
625,@kerpen @33jpj ...and Hillary pro-rapist.,2
626,"RT @clifty04 Now I'm not 2, but it's evident a woman can't do a mans job when it comes to tennis coaching #MauresmoOut",2
627,"RT @stir_frie I'm not 2 but only girls should wear earrings, it just looks wrong on guys",2
628,RT @m13rcus I'm not 2 but feminists annoy the shit out of me,2
629,Seriously. Crazy-eyes is staying? #MKR,2
630,"RT @RussellEElliott: So someone just told me that #feminism = ""lying communists who oppose equality"". Can you believe people this BS? http:���",2
631,@EqualityMen The motive doesn't lessen the outcome.,2
632,"WHOA, a rare shit gem in the sewer. @Brettonme I'm not 2 I just really hope I don't have a daughter",2
633,RT @JamesBarrett666 has a female comedian ever made anyone laugh ever? call me 2 but women comedians are not funny,2
634,RT @macleod_robert: I'm not 2 but after reading about new coloured parking bays that assist women park faster I thought.....! http://t���,2
635,"@NatalieTudor Actually, they did.  Feminist cannibalism.  It was great.",2
636,"RT @shawnreynolds08 I'm not 2, but women can't drive...",2
637,"@LeoKikiLady89 They essentially mean communism when they say it. Anytime a group openly loathes the word ""merit"" they are up to little good.",2
638,@GreenWeiner  It's close.  Need one of those Conan O'Brien morphs of Tony and the Big Hurt.,2
639,"RT @Masterbatker: I hate her so much RT @Mini_Khoza: Masterbatker I'm not 2, but fuck that lady. She's awful.",2
640,"@VCR_Blog Picked the Ducks to win Cup before season...but that was thinking Gibson would be great. Might pick Hawks nows, but...Ducks in it.",2
641,@OzyRatisbon You mean it shouldn't be?  Because it IS consent to parenthood for men today.,2
642,@LeoKikiLady89 Not concerned w/ equal here... http://t.co/7DOkGSR8lG,2
643,"Valentine's Day is great and all, but I'm holding out my real enthusiasm for Love Day: https://t.co/YlK19wSlk4",2
644,"@Laarrma Why, because she backed straight into your balls? Because that's what I would do, with scientific precision.",2
645,"@AJKauffman @CocaCola Yeah, if there's one thing I know about old pin-ups ads, it's that they were definitely not 2.",2
646,RT @MrShikaki: @_shemmie_ @srhbutts @cainejw @_icze4r @Dylof_ http://t.co/f1uyMrdg5G,2
647,"@ab0cybias @manishlimbu532 ""Google false rape accusation 41%"" might work.",2
648,@azmoderate @JoeWSJ Be a man. Stop babbling and squirming and admit you were wrong.,2
649,"RT @whoisLuese Call me 2 or whatever the hell you wanna say, but I still believe it's the mans job to propose (except they lesbians)",2
650,Catching up with #MKR. If society judges these two as pretty then I really have no friggin hope.,2
651,@Ryan140GG Nope. Adoption and safe haven.  She is not bound.,2
652,"RT @kohfuckyourself I'm not 2, but Feminists make me sick in how they go about fighting for equality. Sorry.",2
653,Stop smirking you vile bitch #mkr,2
654,"RT @BozTheKid: Not 2, but some of these women act just plain stupid. 100s of years fighting for equality, and you're gonna play dumb? ���",2
655,"RT @ben_sulley I don't care if people call me 2, I don't find female comedians funny",2
656,Do I have news for you! @MikeSMASH14 I am not 2 but some women make me want to be.,2
657,We've got a regular Wordsworth on our hands here @E_B_A_H__3 @YesYoure2 how unfortunate get tf off my mentions,2
658,These girls are pretty...awful. #gohome #MKR,2
659,RT @uberfeminist: Did anybody get glass in the face during an American Sniper showing? These #FiftyShades fans play for keeps,2
660,"RT @Noin007: @MT8_9 ""Tonight on MSNBC, posters are RAPING our young women. Will Republicans let Obama save our children?""",2
661,@SxFlint93 Oh I do plenty but picking rotten low hanging 2 fruit doesn't take up much of my day :),2
662,"@ellarosyy Right. But you know squat, so who cares...",2
663,"@inkiebird @JustMarn direct quote from OP: ""When it comes to learning i prefer a male"" so nice try",2
664,RT @repubprincess__: Tell me the definition of feminism &amp; say it's about equality all you want. Won't change the fact that modern feminism ���,2
665,@dgbattaglia Saw this this morning... http://t.co/9YUwOuZugw,2
666,"RT @The_Killah29: @MT8_9 I have the choice of either 1) marrying the woman and supporting her, 2) paying child support for 18 years or 3) j���",2
667,"RT @agost92 Look I'm not 2, but the only funny women in comedy are amy poehler, Tina fey, and kristen wiig",2
668,"@Barnflake ""I'm not 2, it just so happens that I only complain about quality when it's women playing, ignoring all historical context.""",2
669,"Surprised the ""models"" don't know how to dress with style  #mkr",2
670,"Put a bra on Nikki, you dumb slut #MKR #MKR2015",2
671,Because femininity is so horrible! @JonnyG313 I'm not 2 but if a dude cries because of a girl in a wedding dress then he has a vagina,2
672,RT @MitchKelly1701 #amyadams call me 2 but I think she should win a #bestactress for her looks alone.,2
673,"@Galaxy_Allie No, feminism opposes choice of parenthood via financial abortion for men.",2
674,Someone really needs to get the sniffer dogs onto Kat #offherlips #MKR,2
675,Ash would know all about poles. I can tell. #MKR,2
676,RT @rich_connor Call me 2 but the only women I can take serious when they're angry are my mom and grandma,2
677,"RT @Heeg5 I'm not 2 but I stand by Chris Paul, the woman ref made a bad call and couldn't take the scrutiny part of her job.",2
678,LOL EDGY @ein_schoner_tag @shedevil___ @ahptik im not 2 but why are women allowed opinions lol,2
679,"���@IvanTrba: At least the #promogirls might have a future in creating new Ben &amp; Jerry's flavours #MKR #icecreamqueens���

Offal and marrow?",2
680,"RT @StayingInPower Why is Thor a woman now? I am not 2, but it just doesn't make any fucking sense.",2