ID,Text,Classe,Sentiments_analyze
1,if you add in the massive amount of sustanol and deca hugh jackman did  the arm would grow back stronger..fuck it he'd grow 2,0,"0,0,0"
2,Wanted to change my username -- 'v4sudh4' sucks. At least  'qbarq' sounds  better than 'meow' or 'spherical cow'. :/,0,"0,0,0"
3,Joie is beautifulllll. :),0,"0,0,0"
4,hmmm...my first,0,"0,0,0"
5,when it matters,0,"0,0,0"
6,watss ur email.?,0,"0,0,0"
7,Damn you're cool,0,"0,0,0"
8,oh that sucks :(,0,"0,0,0"
9,quality for sure,0,"0,0,0"
10,really!!??! haha,0,"0,0,0"
11,PHONE SExxx boo!,0,"1,1,0"
12,okay forsurre(::,0,"0,0,0"
13,September 22nd<3,0,"0,0,0"
14,anger and greed.,0,"0,0,0"
15,shit! That sucks!,0,"0,0,0"
16,hmm..paris hilton,0,"0,0,0"
17,vvvvvvvummmmmmmmm,0,"0,0,0"
18,hmmm im not sure.,0,"0,0,0"
19,do you like cats?,0,"0,0,0"
20,nope. half korean,0,"0,0,0"
21,straight sorry :),0,"0,0,0"
22,Spam for Spam? :),0,"0,0,0"
23,you text me? haha,0,"0,0,0"
24,Hello to you to :),0,"0,0,0"
25,hahhahah yeah you!,0,"0,0,0"
26,K-PAX. Watch it :),0,"0,0,0"
27,got it from you :),0,"0,0,0"
28,ew i hate twilight,0,"0,0,0"
29,nah im just joking,0,"0,0,0"
30,EXACTLY! GOT DAMN!,0,"0,0,0"
31,Nahhh your fine :),0,"0,0,0"
32,Hahaha. Strange!:S,0,"0,0,0"
33,woah that sucks :(,0,"0,0,0"
34,the wifey! lol idk,0,"0,1,0"
35,no it shows safety,0,"0,0,0"
36,what a fuck nugget.,0,"0,0,0"
37,haha yeah probably.,0,"0,0,0"
38,i like them all lol,0,"0,0,0"
39,Both! I love tea <3,0,"0,0,0"
40,Just so you know ;),0,"0,0,0"
41,fine I hate you too,0,"0,0,0"
42,1 year and 3 months,0,"0,0,0"
43,damn what happened?,0,"0,0,0"
44,I care wayy to much.,0,"0,0,0"
45,Yes. all the time :),0,"0,0,0"
46,lolss yeahh yew aree,0,"0,0,0"
47,An eagle definantly.,0,"0,0,0"
48,lol nice question :],0,"0,0,0"
49,are you foing out???,0,"0,0,0"
50,I love cheese cubes.,0,"0,0,0"
51,Snow White or Ariel?,0,"0,0,0"
52,damn why fuck drake?,0,"0,0,0"
53,:) who is this? haha,0,"0,0,0"
54,what up freak nasty.,0,"0,0,0"
55,Favorite board game?,0,"0,0,0"
56,hahahaha ummm  sorry?,0,"0,0,0"
57,Are you a lonely boy?,0,"0,0,0"
58,okay ill check it out,0,"0,0,0"
59,Longest relationship?,0,"0,0,0"
60,yeppppppppppppppppppp,0,"0,0,0"
61,Do you like to clean?,0,"0,0,0"
62,iLove your nose ring!,0,"0,0,0"
63,No lol thats funny :),0,"0,0,0"
64,Do you like your name?,0,"0,0,0"
65,Whn we gonn b 2gether?,0,"0,0,0"
66,your welcome :) sureee,0,"0,0,0"
67,have you ever had sex?,0,"0,0,0"
68,nice. rub it in hahaha,0,"0,0,0"
69,Only too fucking true.,0,"0,0,0"
70,so u hate christmas 2?,0,"0,0,0"
71,Definantly not. One :],0,"0,0,0"
72,yes i do and it sucks.,0,"0,0,0"
73,The love of my life :],0,"0,0,0"
74,mobb deep fucking owns,0,"0,0,0"
75,haha! i'm such a nerd!,0,"0,0,0"
76,What is boring to you?,0,"0,0,0"
77,No fucking kidding eh?,0,"0,0,0"
78,thats nice to no lol=],0,"0,0,0"
79,penn and teller pussy?,0,"1,1,0"
80,damn sounds painful lol,0,"0,0,0"
81,pick up the damn phone!,0,"0,0,0"
82,Kick some ass miss jen!,0,"0,0,0"
83,LACEY'Z A BITCH WTF LOL,0,"0,1,0"
84,sheos  hate  medication,0,"0,0,0"
85,that is too damn cute!!,0,"0,0,0"
86,iDnt even kno if she iz,0,"0,0,0"
87,nigga u fresh as fuck.!,0,"1,0,1"
88,what&;s heaven for you?,0,"0,0,0"
89,how do you stay so cute?,0,"0,0,0"
90,Ummm..Im not  a quitter.,0,"0,0,0"
91,so i just hadda say this,0,"0,0,0"
92,nope. probably not. haha,0,"0,0,0"
93,Haha (: whatever that is,0,"0,0,0"
94,Why are u goin to North?,0,"0,0,0"
95,what others do you have?,0,"0,0,0"
96,A painted wooden dragon.,0,"0,0,0"
97,Love you too april hahaha,0,"0,0,0"
98,Love you too april hahaha,0,"0,0,0"
99,y0 d!(k !$ l!K3 @ c0RND0q,0,"0,0,0"
100,Would you like a massage?,0,"0,0,0"
101,do you want a girlfriend?,0,"0,0,0"
102,Are you silly or serious?,0,"0,0,0"
103,Do yuh have any stalkers?,0,"0,0,0"
104,lmfao iJuz notice dat lol,0,"0,0,0"
105,R YUU STiLL WiT YO BF? (:,0,"0,0,0"
106,What&;s your funny story?,0,"0,0,0"
107,well i know who this is..,0,"0,0,0"
108,live with both Parents ??,0,"0,0,0"
109,Do you think life is fair?,0,"0,0,0"
110,How often do you get sick?,0,"0,0,0"
111,when there is none left :P,0,"0,0,0"
112,Are your nippleSz pierced?,0,"0,1,0"
113,ouch  why did you hate it?,0,"0,0,0"
114,(: Tabitha Jai Locascio (:,0,"0,0,0"
115,a different place. utopia.,0,"0,0,0"
116,Heh  default slut mode? :),0,"1,1,0"
117,HOT DAMN! Congratulations!,0,"0,0,0"
118,I hate when they do that--,0,"0,0,0"
119,Do you own a pair of dice?,0,"0,0,0"
120,Favorite brand of clothes?,0,"0,0,0"
121,Have any favourite quotes?,0,"0,0,0"
122,J.Mayer sucks the big one.,0,"0,0,0"
123,Just rain here!!! Damn! :(,0,"0,0,0"
124,oooh damn that sounds good!,0,"0,0,0"
125,! w@n+ yUh t@ m@k3 m3 $w3@+,0,"0,0,0"
126,Can you draw pictures well?,0,"0,0,0"
127,Can crop circles be square?,0,"0,0,0"
128,ouch. I hate when i do that,0,"0,0,0"
129,lmao idk wea its at....haha,0,"0,0,0"
130,O. M. G. FREAK. no offense.,0,"0,0,0"
131,do you like girls? hahaha:],0,"0,0,0"
132,Would you get high with me?,0,"0,0,0"
133,dont hate her  embrace her!,0,"0,0,0"
134,got damn man. that's nice!!,0,"0,0,0"
135,piratee&;s or ninja&;s? Ahah,0,"0,0,0"
136,what do you always pray for?,0,"0,0,0"
137,anything jennifer lopez haha,0,"0,0,0"
138,What colour is your bedroom?,0,"0,0,0"
139,Name 1 girl you find pretty.,0,"0,1,0"
140,I hate getting confused lol.,0,"0,0,0"
141,you are the computer nerd :),0,"0,0,0"
142,i L o v e Y u h h ! ! ! ! (:,0,"0,0,0"
143,not at all :) look away haha,0,"0,0,0"
144,keep it inside. almost always,0,"0,0,0"
145,once. unless im super active.,0,"0,0,0"
146,HOW U LYK YO BRED TOASTED????,0,"0,0,0"
147,great went ta jamaca...Yew???,0,"0,0,0"
148,i know alot of pretty people.,0,"0,0,0"
149,I'll alert the gay-thorities.,0,"1,0,0"
150,Be truly Kind to one another.,0,"0,0,0"
151,Have you ever been beaten up?,0,"0,0,0"
152,Name a bird with a long neck.,0,"0,0,0"
153,Sleep? What the fuck is that?,0,"0,0,0"
154,Shore I'd be happy too!!!! :),0,"0,0,0"
155,Fuck the Atrium. That is all.,0,"0,0,0"
156,Yes haha im not gayy silly (:,0,"0,0,0"
157,yeah. time zones are a bitch.,0,"0,0,0"
158,Do you ever go bird watching?,0,"0,0,0"
159,what song best describes you?,0,"0,0,0"
160,what gives you peace of mind?,0,"0,0,0"
161,ahahaha. you're a nerd. &lt;3,0,"0,0,0"
162,Do you think demons are real?,0,"0,0,0"
163,Yuh m@k3 d@ 53x m3+3r q0 vv!ld,0,"0,0,0"
164,ummm.....ahhh hottt seniorrr(:,0,"0,0,0"
165,How many suitcases do you own?,0,"0,0,0"
166,why do you hate the piano? o_O,0,"0,0,0"
167,you hate loud people  like us?,0,"0,0,0"
168,haha  she has a nice ass also.,0,"1,1,0"
169,Apple store!(; Need a MAC pro!,0,"0,0,0"
170,tell me 5 facts about yourself,0,"0,0,0"
171,dont you hate scarlett though?,0,"0,0,0"
172,I hate it when they do that :3,0,"0,0,0"
173,Famous(: Bhut im ME 4 rite now!,0,"0,0,0"
174,r u &amp; Frances still talken?,0,"0,0,0"
175,how do you make yourself happy?,0,"0,0,0"
176,LOL!! Not DMX  his ass is crazy,0,"0,0,0"
177,Its sunday so i can sleep in :),0,"0,0,0"
178,Damn  last tweet was for you :P,0,"0,0,0"
179,Those dogs look FAT to me!! ;-),0,"0,0,0"
180,So true I hate a dirty bathroom,0,"0,0,0"
181,fuck  that blows! For how long?,0,"0,0,0"
182,Damn.  That is a beautiful car.,0,"0,0,0"
183,The Beatles or The Temptations?,0,"0,0,0"
184,about kickin' some canadian ass?,0,"0,0,0"
185,Name 3 cheese products you like.,0,"0,0,0"
186,do you know how to speak korean?,0,"0,0,0"
187,personality 9r physic 8r looks 8,0,"0,0,0"
188,come here  I'll kickle your ass.,0,"0,0,0"
189,Oh damn....I'm so sorry honey...,0,"0,0,0"
190,hahah okey dokey!..sweet thang(;,0,"0,0,0"
191,When is the last time you cried?,0,"0,0,0"
192,Putting pants on sucks lol. Ross,0,"0,0,0"
193,I heart TROLLS! PHASE 2 Damn it!,0,"0,0,0"
194,I know its you dina im not dumb.,0,"0,0,0"
195,are good  im in a cookie club :),0,"0,0,0"
196,Have you ever been to Six Flags?,0,"0,0,0"
197,Any special reason for the hate?,0,"0,0,0"
198,Ohio  USA. And its pretty rad :],0,"0,0,0"
199,Why are people being so hateful?,0,"0,0,0"
200,tell me something about.. SNOW :],0,"0,0,0"
201,"and big kisses to you too  doll!""",0,"0,1,0"
202,How often do you get the hiccups?,0,"0,0,0"
203,omg really i never noticed lol =],0,"0,0,0"
204,how crude people are. all people.,0,"0,0,0"
205,Are the best things in life free?,0,"0,0,0"
206,yeah you should. Fucking dumbass.,0,"0,0,0"
207,I was on my way to work. Driving.,0,"0,0,0"
208,usual but it used to piss me off.,0,"0,0,0"
209,Juno  Sweet november  mr. deeds :],0,"0,0,0"
210,Do you watch Family Guy regularly?,0,"0,0,0"
211,Have you done something bad today?,0,"0,0,0"
212,Who&;s the most overrated athlete?,0,"0,0,0"
213,well then why did you bring it up?,0,"0,0,0"
214,i havent ate fries in a long time!,0,"0,0,0"
215,Hmmm fruit!! :) any kind of fruit.,0,"0,0,0"
216,Idk really. I think im an alien :],0,"0,0,0"
217,poor you!!! hate both subjects!!!!,0,"0,0,0"
218,<3 hahahahhahah thakssssssssssssss,0,"0,0,0"
219,Damn I don't think I'm on the list,0,"0,0,0"
220,why haven&;t i had any dinner yet?,0,"0,0,0"
221,I hate your direct message. Thanks.,0,"0,0,0"
222,craziest? i havent. only a raccoon.,0,"0,0,0"
223,sucks that the Source link is wrong,0,"0,0,0"
224,i think u and jack should date!!!:),0,"0,0,0"
225,aww that sucks! Sorry to hear it :(,0,"0,0,0"
226,Hmmm...i don&;t know. I want to. :D,0,"0,0,0"
227,HAPPY FUCKING BIRTHDAY YA PONGO! :),0,"0,0,0"
228,y0 v@q!N@ sm3lL lykK c0tT@q3 (h33s3,0,"0,0,0"
229,what club u @? Damn  I fell alseep!,0,"0,0,0"
230,Are yuh single and ready 2 mingle?!,0,"0,0,0"
231,I love cameras. Show your face yooo,0,"0,0,0"
232,Would you rather be rich or famous?,0,"0,0,0"
233,those are fine  you know I hate cats,0,"0,0,0"
234,Have you ever been to Hollywood  CA?,0,"0,0,0"
235,BITCH GET ONLINE  I FOUND CUTE SHOES,0,"1,1,0"
236,What kind of music do you listen to?,0,"0,0,0"
237,nick that video is so fucking killer,0,"0,0,0"
238,Damn iPhone  I meant wine and cheese,0,"0,0,0"
239,join the club! LOL  I hate the snow!,0,"0,0,0"
240,*damn BB be going hard on them boyz*,0,"0,0,0"
241,sucks they only made like 20 of them,0,"0,0,0"
242,Do you put cheese on your spaghetti?,0,"0,0,0"
243,Wow  that sucks. Is that even legal?,0,"0,0,0"
244,I hate it when I do things like that,0,"0,0,0"
245,Aww thanks a ton. but honestly what?,0,"0,0,0"
246,maybe if i was really that desperate.,0,"0,0,0"
247,Damn....your co-workers are classy...,0,"0,0,0"
248,i would look sexy and fuck shit up :D,0,"0,1,0"
249,agreed. Continues to piss me off too.,0,"0,0,0"
250,What did you eat for breakfast today?,0,"0,0,0"
251,ability to fly or breath under water?,0,"0,0,0"
252,Do you shrug it off or cry for hours?,0,"0,0,0"
253,Which is the song that makes you cry?,0,"0,0,0"
254,What movie do you know every line to?,0,"0,0,0"
255,Uhm. Actor(: They get paied more haha,0,"0,0,0"
256,What is the second most unique thing?,0,"0,0,0"
257,I hate on blogs?  what are you saying?,0,"0,0,0"
258,Do you want to start over with anyone?,0,"0,0,0"
259,hhahahaha oh i no  it does irritate me,0,"0,0,0"
260,am I too emo? http://snipurl.com/7rq8p,0,"0,0,0"
261,it is christmas eve im fucking excited,0,"0,0,0"
262,Have you ever cried from being so mad?,0,"0,0,0"
263,u better shut the fuck up wit that lol,0,"0,0,0"
264,ur butiful babe i just wish i waz urz.,0,"0,0,0"
265,Is using a inhaler a sign of weakness?,0,"0,0,0"
266,I also hate talk shows and reality tv.,0,"0,0,0"
267,If heat rises  shouldn&;t hell be cold?,0,"0,0,0"
268,10 things you want to do before you die,0,"0,0,0"
269,Yuppers! Nose and Cartilage piercings(;,0,"0,0,0"
270,lol ok shit i am going to get so fat!!!,0,"0,0,0"
271,My unemployed ass ain't goin' anywhere.,0,"0,0,0"
272,umm a homeless guys with blackberry haha,0,"0,0,0"
273,What is the bravest thing you have done?,0,"0,0,0"
274,wtf bxtch clea it iNeva ben ta hiz house,0,"1,1,0"
275,What is your best friend&;s Mom&;s name?,0,"0,0,0"
276,I am. Hence the hate. But I love him rly,0,"0,0,0"
277,lol.damn I gotta find a cheap ass flight,0,"0,0,0"
278,things that you cant leave/live without?,0,"0,0,0"
279,That sucks  i hope he feels better soon!,0,"0,0,0"
280,Justin Bieber.Duh. &amp;&amp; Russia! ;],0,"0,0,0"
281,"Nooooooooo comment on ""dick butts."" XDDD",0,"0,0,0"
282,Have you ever bid for something on ebay?,0,"0,0,0"
283,well i had to put my two cents in [: haha,0,"0,0,0"
284,hahahahhaahaha I hope you kicked his ass!,0,"0,0,0"
285,depends on how close we were at the time.,0,"0,0,0"
286,ain't that crazy? enough to piss you off!,0,"0,0,0"
287,well thats just too bad now isn&;t it? [;,0,"0,0,0"
288,its fucking terrible my friend and I left,0,"0,0,0"
289,THIS is why i hate the snow!!!!!!!!!!!!!!,0,"0,0,0"
290,damn straight you need to find your iPod.,0,"0,0,0"
291,http://www.e-castig.com/index.php?r=C1o6s,0,"0,0,0"
292,What holiday is closest to your birthday?,0,"0,0,0"
293,i hate everything about you- 3 days grace,0,"0,0,0"
294,DoIhKnowYuh?r AndYuhrLike...SpammingMyFS.,0,"0,0,0"
295,When was the first time that you had beer?,0,"0,0,0"
296,ahhh true.. true... plus it plays music XD,0,"0,0,0"
297,Yayyyy! Damn irish bitch! Congratulations!,0,"0,1,1"
298,something about piss should do. or zebras.,0,"0,0,0"
299,nigga you sound like a creep ass pedophile,0,"1,0,1"
300,my sides hurt from laughing so hard. Dick.,0,"0,0,0"
301,And why are you trying to give me advice.?,0,"0,0,0"
302,haha I love how much of a nerd Obama is...,0,"0,0,0"
303,hahahahahahaah thanks spency :DDDDD <3 you,0,"0,0,0"
304,can you travel around the world in 80 days,0,"0,0,0"
305,eww  that sucks. hopefully u have off soon?,0,"0,0,0"
306,i guess i would gett fat  and have a baby .,0,"0,0,0"
307,well r i think i really like my friend.. :/,0,"0,0,0"
308,WELL YOU THINK OF SOMETHING THEN I HATE YOU,0,"0,0,0"
309,hottest guy you have ever seen in real life?,0,"0,0,0"
310,jabbawockeez.. what do you think about them?,0,"0,0,0"
311,LOL well u should help them get some dick...,0,"1,1,0"
312,Sometimes lol if im in the mood to wear one.,0,"0,0,0"
313,Suave. Its cheap and gets the job done. haha,0,"0,0,0"
314,yeah I've been to N.O. recently  damn shame.,0,"0,0,0"
315,I hear you. BTW  the Jonas brothers are gay.,0,"1,0,0"
316,Damn you Pinot Noir and your grapey goodness!,0,"0,0,0"
317,how are you drunk bro? DAMN I.. it's only 2PM,0,"0,0,0"
318,damn  dude. nice find. awesome work in there.,0,"0,0,0"
319,that sucks! I hope you feel better soon *hug*,0,"0,0,0"
320,that sucks. Why is your vision all messed up?,0,"0,0,0"
321,bien. which is good in spanish. hahaha musta?,0,"0,0,0"
322,Robert :) Sorry I hate when I miss type names,0,"0,0,0"
323,Proton definantly. Positive polly yes i am :],0,"0,0,0"
324,benson- Dude fuck yea. I'm gonna bank tonight,0,"0,0,0"
325,do the makers of Friendster uses Facebook? =),0,"0,0,0"
326,What do you think about formspring.me so far?,0,"0,0,0"
327,puppy is good. Knows where to piss and shit..,0,"0,0,0"
328,Well then get some damn sleep ya dumbass! Lol,0,"0,0,0"
329,When you say you don&;t care  do you mean it?,0,"0,0,0"
330,mhm ohkay slide yo numba nd iWill met yew lol,0,"0,0,0"
331,Have you ever wasted you&;re time on anybody?,0,"0,0,0"
332,here's some cock for u http://twitpic.com/rrvm,0,"0,0,0"
333,I like my ma's homemade chicken noodle soup :],0,"0,0,0"
334,Damn it  now I have an urge to move to Vermont,0,"0,0,0"
335,Thats great . i hope things work out fine.. (:,0,"0,0,0"
336,So did anybody end up buying a fucking camera?,0,"0,0,0"
337,I KNOW!!!! makes my fucking dayyy!!! shes HUGE,0,"0,0,0"
338,http://twitpic.com/y2yl - That. Fucking. Rules.,0,"0,0,0"
339,What was the best advice you&;ve ever received?,0,"0,0,0"
340,I don't really remember but damn its killing me,0,"0,0,0"
341,Yes. And im sure there are tons that soo could.,0,"0,0,0"
342,ohh reallu? well how does it feel to want [; ?!,0,"0,0,0"
343,Tabi  I love you. (: I will meet you one day (;,0,"0,0,0"
344,dude that fucking sucks. He was a cool cat. RIP,0,"0,0,0"
345,fuck I feel bad for you. what pack did you get?,0,"0,0,0"
346,good call Boo   Bitch   Boo x2 Dumb ass plaxico,0,"1,1,0"
347,Is French kissing in France just called kissing?,0,"0,0,0"
348,http://tinyurl.com/these-hats-are-damn-tradition,0,"0,0,0"
349,Im just glad im gon be paid to sit on my ass lol,0,"0,0,0"
350,lol cleaning  i hate the dentist with a passion!,0,"0,0,0"
351,Would it bother you to never have personal time?,0,"0,0,0"
352,damn  you beat me to that example. :) #journchat,0,"0,0,0"
353,what was the most awkward situation in your life?,0,"0,0,0"
354,Hood has apparently lost his mind. Sucks for him.,0,"0,0,0"
355,yes. but we end up warped in the end either way..,0,"0,0,0"
356,Enterprise can suck my dick too! That's bullshit!,0,"0,1,0"
357,damn. now im craving them from you tweeting them!,0,"0,0,0"
358,Do bald men wash their head with soap or shampoo?,0,"0,0,0"
359,what&;s the funnest place you have ever traveled?,0,"0,0,0"
360,i hate snow. you can give me yr car. if you want.,0,"0,0,0"
361,damn bro. Next time go partying like that  holla!,0,"0,0,0"
362,Is quality or quantity of friends more important?,0,"0,0,0"
363,Damn. I got bammed. Wonder how many @glark reads.,0,"0,0,0"
364,Oh my! I'm not even that much of a control freak!,0,"0,0,0"
365,How old will you be turning on your next birthday?,0,"0,0,0"
366,:D thank you gurl/boy ? I really appreciate it!<33,0,"0,0,0"
367,okay. my page is not for you to be anonymous on :],0,"0,0,0"
368,Give it back to them. I don't really hate anyone..,0,"0,0,0"
369,so does that make Piss Bottle Man song of the day?,0,"0,0,0"
370,Damn dude the last 3 eps of TrueBlood are the best,0,"0,0,0"
371,which do you think is stronger: love or happiness?,0,"0,0,0"
372,it's stupid for me to be upset over  really. fuck.,0,"0,0,0"
373,What do you think is your most attractive feature?,0,"0,0,0"
374,Do you/have  you ever watched Desperate Housewives?,0,"0,0,0"
375,Hmm. Fine then. RAIN! I HATE YOU! NEVER RAIN AGAIN!,0,"0,0,0"
376,hmmmmmmmmmmmmmmmmmmmmmmmmmmmmmmmmmmmmmmmmmmmmmmmmmm,0,"0,0,0"
377,What&;s something that no one else knows about you?,0,"0,0,0"
378,Do you shower in the morning or at night before bed?,0,"0,0,0"
379,What would you want to be written on your tombstone?,0,"0,0,0"
380,i dont mind it because it gives me questions i guess,0,"0,0,0"
381,My pu$$zzy !z +hrobb!nq fo yo d!ck t@ q0 !n d@+ $h!+,0,"0,1,0"
382,you forgot to precede that tweet with the word FUCK.,0,"0,0,0"
383,My Dick by Mickey Avalon or My Neck  My Back by Khia,0,"0,0,0"
384,u are probably right tho   i hate these short days =/,0,"0,0,0"
385,Basicc Information -  Name ? Age ? Location ? Grade ?,0,"0,0,0"
386,just stuff. i can handle it imma big girl dont tripp.,0,"0,1,0"
387,lmao i no hahahahahhahahahahahaha thats what im sayin,0,"0,0,0"
388,If you wanted to look very sexy  how would you dress?,0,"0,1,0"
389,Do you think we are raising the next generation right?,0,"0,0,0"
390,Do you get along better with the same or opposite sex?,0,"0,1,0"
391,Of course. X marks the spot!!!!! Arrrg im soo ready :],0,"0,0,0"
392,look inside your bag/purse.. name three things you see,0,"0,0,0"
393,perhaps i should call it that to freak the family out.,0,"0,0,0"
394,so where are you located and what is it like there? :),0,"0,0,0"
395,You'll become a super nerd if you dress up as a Gundam,0,"0,0,0"
396,If a bee is allergic to pollen would it get the hives?,0,"0,0,0"
397,What&;s the nicest thing someone&;s ever done for you?,0,"0,0,0"
398,What&;s the best place near you to get some ice cream?,0,"0,0,0"
399,If you won a million dollars what would you do with it?,0,"0,0,0"
400,a bunch im sure. white lies are the hardest to remember,0,"0,0,0"
401,hey you&;re an amazing nice and sweet girl..pretty too!,0,"0,0,0"
402,Would you describe yourself as an argumentative person?,0,"0,0,0"
403,Would you rather take the picture or be in the picture?,0,"0,0,0"
404,Ever looked at a guy and then checked out his Package ??,0,"0,1,0"
405,Brutal...I hate when you pick the wrong day to drive....,0,"0,0,0"
406,If you could ask God any one question  what would it be?,0,"0,0,0"
407,yes YAY! you guessed it right ;) and i cant call you! :L,0,"0,0,0"
408,how to survive in this crazy khaos of a world i live in.,0,"0,0,0"
409,Beu03c4ter thu03b1n formspru03b9ng  try http://tr.im/M73W,0,"0,0,0"
410,I have before. but its been a while. I can do anything :),0,"0,0,0"
411,hahahahahhahahhaahhahahahah vvv ayee fix yerr infoooo ->>,0,"0,0,0"
412,oh man....that sounds damn good! now im hungry. damn you!,0,"0,0,0"
413,what&;s the Kindest thing anyone has ever done for you ??,0,"0,0,0"
414,a tonn :] I don't think my bf can hug me enough sometimes,0,"0,0,0"
415,And I see why you turned his ass down! Dis some bullshit!,0,"0,0,0"
416,Have you ever made out with someone of the same sex? Why?,0,"0,0,0"
417,If you knew someone was going to die would you tell them?,0,"0,0,0"
418,green pepper  cheese  onion  bacon-crunchy  and cheese :D,0,"0,0,0"
419,You&;ve been kidnapped by aliens.  What do they feed you?,0,"0,0,0"
420,"Damn that's like my lil brother. He's 11  5""8 and 250 lbs.",0,"0,0,0"
421,will u cook with me in food tec whenever we cook next :P ?,0,"0,0,0"
422,did you know gaga was on an episode of mtvs boiling point?,0,"0,0,0"
423,What award would you love to win and for what achievement?,0,"0,0,0"
424,Do you think it&;s better to find love or let it find you?,0,"0,0,0"
425,thank you! oooooohhh hot brownies right out of the oven :D,0,"0,0,0"
426,You'd god damn well better be an Engineer. all I'm saying.,0,"0,0,0"
427,I hate that I get scared and parnoid when my house is quiet,0,"0,0,0"
428,Damn!! Thats cold! The reason I'm always there for my kids!,0,"0,0,0"
429,aww damn!  I think we need to kick him out the league!  LOL,0,"0,0,0"
430,have you ever done anything illegal? and if so what was it?,0,"0,0,0"
431,You're going too? Fun.  @JesusNeedsNewPR I hate job hunting,0,"0,0,0"
432,How many lies do you think you have told in your life time?,0,"0,0,0"
433,Can a short person &quot;talk down&quot; to a taller person?,0,"0,0,0"
434,hmm..popcicles. i dont eat much when its really hot outside.,0,"0,0,0"
435,Have you ever made someone so mad that they broke something?,0,"0,0,0"
436,That sucks. I went to bed before the New Year even began.lol,0,"0,0,0"
437,Don&;t you hate it when people lie to you about coming over?,0,"0,0,0"
438,good to hear your okay... I need my the gay...... Wow i rhyme,0,"1,0,0"
439,damn  girl lol. do you kill 'em w/ kindness in real life too?,0,"0,1,0"
440,damn doll  u kinda look like brit wit hair!!!!!!!!!!!!!!!!!!!,0,"0,0,0"
441,the google iPhone app sucks! Vlingo is much better and faster,0,"0,0,0"
442,Well  I don't know if you have heard or not... but I hate it.,0,"0,0,0"
443,When you were little did you ever go ahhh infront of the fan?,0,"0,0,0"
444,Hope you're not getting a full fluoride. Hate that. Good luck!,0,"0,0,0"
445,damn! my breath actually stopped as I thought you'd done that.,0,"0,0,0"
446,hmmm probably buy a few things for me and one of my besties :D,0,"0,0,0"
447,figures...i hate when channels advertise for other channels...,0,"0,0,0"
448,Ohh man i bet its tha shit!! Ohhkayy!(: be safe have fun!! <33,0,"0,0,0"
449,U r soooooooooooooooooooo pretty Alexis<3 y r u so nice???????,0,"0,0,0"
450,I'll have to work on that one.  Ass clown is a solid contender.,0,"0,0,0"
451,i can never catch you on blogtv at night. damn time difference!,0,"0,0,0"
452,If rabbits feet are so lucky  then what happened to the rabbit?,0,"0,0,0"
453,Be honest: Do you have a song by Ozzy Osbourne in your library?,0,"0,0,0"
454,Is that a monkey in your pants...or are you just fucking crazy?,0,"0,0,0"
455,...........999 a girl?? lol oh god why did u make me so stupid??,0,"0,1,0"
456,Do you have any scars on your body?  If so  how&;d you get them?,0,"0,0,0"
457,yes I love it. its a funny hobbie and way to express yourself :),0,"0,0,0"
458,"are you aware that Layne refered to you as a ""Twitter Whore"" lol",0,"0,1,0"
459,I know...just get a damn blanket or put some socks on! im sayin!,0,"0,0,0"
460,*sends fruit basket* Hope you get better soon  being sick sucks!,0,"0,0,0"
461,i just love the speed & simplicity cum features of Google Chrome,0,"0,0,0"
462,i almost changed the channel after petersen's damn horse collar!,0,"0,0,0"
463,- it's a sweet deal and product. Customer service sucks pooh tho.,0,"0,0,0"
464,come to Dothan  bitch. You'll find someone to make out with fast.,0,"1,1,0"
465,lol I hate you. And by hate  I mean love  but I still hate you XD,0,"0,0,0"
466,- I wouldn't mind a wider ass. Haha. And some bigger tatas too ;],0,"1,1,0"
467,YOU SUNNUVA BITCH. / @TarinTowers: Only one week of spoons to go!,0,"0,0,0"
468,dammit! You keep your damn dirty hands off my fruit gummy chews!!,0,"0,0,0"
469,I never thought of it that way - but damn - that IS a good name..,0,"0,0,0"
470,can only handle so much pussy control...and the doves make me cry,0,"1,1,0"
471,no holiday is worth that! florida sucks! but happy new year!!!!!!,0,"0,0,0"
472,yes! haha neat trait of mine.. i can plug my nose with my lips :],0,"0,0,0"
473,Umm Bunch of people just joined  and i got bored  so i wanted too!,0,"0,0,0"
474,haha yeshhh you are  and you thought i was gonna think its gay -_-,0,"1,0,0"
475,Noah and the Whale!? That makes me think of Saturn commercials. :),0,"0,0,0"
476,i concur  2009 is going to kick ass if you have the right mind set,0,"0,0,0"
477,I am off for right now. Leave me things? <3 Please&amp;Thank you!!!,0,"0,0,0"
478,No no...not saying I like NY necessarily  just that I still hate FL,0,"0,0,0"
479,Thing I hate the most = Alternate side of the street parking rules.,0,"0,0,0"
480,You are sooo damn going! ;__; Don't ditch Derek on his special day!,0,"0,0,0"
481,Who do you think should be the next president of the United States?,0,"0,0,0"
482,he  he and some people bitch about never hearing back from them ;-),0,"0,1,0"
483,Well  I'm wearing underpants and a shirt. I'm not a fucking savage.,0,"0,0,0"
484,no doubt. Teach that kid how to read the bounce or block out...damn.,0,"0,0,0"
485,Congrats!  You'll have to make us a low-fat treat from it :) #fitfam,0,"0,0,0"
486,lol to ever since I got this twitterific I'm tweeting my ass off lol,0,"0,0,0"
487,You are a marketing freak...I need to hire you as a consultant.  :-),0,"0,0,0"
488,That's some pretty heavy analysis. Seems to me the album just sucks.,0,"0,0,0"
489,Are your underwear and socks folded in your drawer or just thrown in?,0,"0,0,0"
490,damn pilots use autotune too!!!! This shit has gotten out of hand LOL,0,"0,0,0"
491,Do you have a tattoo  where is it located and what does it stand for?,0,"0,0,0"
492,oh damn. and yes  I am an xmen freak. Not too big  but still a freak.,0,"0,0,0"
493,damn ur in Vegas already super trucker @@ www.TruckingRooster.com  @@,0,"0,0,0"
494,Teehee  I fucking love you. &lt;3 Also  you always make me twoosh. :),0,"0,0,0"
495,lol wen iFirst made diz ish yew was lyke hi so im juz asking who diz?,0,"0,0,0"
496,like what the fuck is this! Then two months later it's everyones cut!,0,"0,0,0"
497,Ugh  I've done that more times than I care to admit. SUCH a piss off.,0,"0,0,0"
498,fuck .. dman scary .. it can happen to anyone of us .. poor guy .. :(,0,"0,0,0"
499,Wow that sucks. Hope you make it home without turning into a snowman.,0,"0,0,0"
500,"I agree. They'll use whatever excuse is convenient to ""trim the fat.""",0,"0,0,0"
501,why doesnt Winnie the Pooh ever get stung by the bees he messes with?,0,"0,0,0"
502,this is just awful  i'm really tired and will be dragging ass all day.,0,"0,0,0"
503,that was gonna be the first hint but i guess i knew it was too obvious,0,"0,0,0"
504,Luckily im not in highschool anymore. No more next periods for me haha,0,"0,0,0"
505,What happens to an irrisitable force when it hits an immovable object?,0,"0,0,0"
506,well i havnt got any hate mail from mcr yet so i dont think they mind.,0,"0,0,0"
507,DAMN!!! Its 11 degrees in the UK and i feel cold! Feel for you my dude,0,"0,0,0"
508,*hugs*  fuck em.  Listen to ur Ipod   dont let da man get ya down.  :),0,"0,0,0"
509,i hate you :-p and  i wish we had that discussion in my english class!,0,"0,0,0"
510,Do you know how much a peso would be worth in the United States today?,0,"0,0,0"
511,What 3 things do you think will become obsolete in the next ten years?,0,"0,0,0"
512,Hmmm....U makin me hungry first of all! &amp;&amp; Dairy Queen! YUMM!!,0,"0,0,0"
513,or posse as @derickrethans liked to point out ... damn spelling bee kid,0,"0,0,0"
514,you should totally go. And be all weird and crazy and freak the guy out,0,"0,0,0"
515,Uh I'm not totally sure right now  I'm sort of torn between two people.,0,"0,0,0"
516,my last tweet was supposed to be @ you. Damn twitteriffic reply system.,0,"0,0,0"
517,you only love jon because i rock the hate for him in the old stuff. LOL,0,"0,0,0"
518,"What  you didn't like the link to ""Pulp Fiction"" fucking short version?",0,"0,0,0"
519,tell me this bra why is you so awsomeeeeeee?? you is the best love youu,0,"0,0,0"
520,You are so right. I hate commercials. I mute them whenever we watch TV.,0,"0,0,0"
521,h2o. snapple raspberry white tea. oj-homestyle with all the juicey bits,0,"0,0,0"
522,great post on the gay rights thing do u think it will happen years end?,0,"0,0,0"
523,The collectors edition is fucking amazing. Too bad it's $100  right? D:,0,"0,0,0"
524,it pretty much sucks. He really didn't wait at all with looking did he?,0,"0,0,0"
525,Let me tell you I have lived here all my life and every year I hate it.,0,"0,0,0"
526,"Being hermit because I kewl like that! (""kewl"" meanin' ""loser"") lol jks",0,"0,0,0"
527,and I HATE longview Cable I would rather have sat data before I to them,0,"0,0,0"
528,Yes and I'm sure his monkey ass does too on the effin bus everydamnday!.,0,"1,0,1"
529,That's bad ass. I would also like the ability to move immovable objects.,0,"0,0,0"
530,I was one of those of the ppl! Damn near left my Berry on the train LMAO,0,"0,0,0"
531,SaulRand I that group = I LOVE that group. Damn 140 character limit! LOL,0,"0,0,0"
532,dontcha just hate that stuff when it happens?! It makes me feel so dumb.,0,"0,0,0"
533,I feel more beached whale than blessed. This pregnancy thing is a bitch!,0,"0,1,0"
534,&quot;iloveyoubaby&quot; &quot;iloveyoutoobabygirl&quot;  that ^ haha [x,0,"0,0,0"
535,Actually  that's what your here for  to bitch slap the spammers for me :),0,"0,0,0"
536,that's excellent advice. thanks. i'd hate to be trapped by my own clothes,0,"0,0,0"
537,What do you think about parwents who drink alcohol around their children?,0,"0,0,0"
538,now that's the spirit and a whale of a good deed....thar he (snow) blows!,0,"0,0,0"
539,is the Black Bitch anywhere near Clever Dick's? http://tinyurl.com/axf82t,0,"0,1,0"
540,...uhm  ....did you just flake on showing me what the fuck a hoppe is...?,0,"0,0,0"
541,no. havent you seen Bruce Almighty. Nobody knows what they really want...?,0,"0,0,0"
542,that's even more gay then your previous gayest statement ever made........,0,"1,0,0"
543,I bet im not even famous and I've seen and experienced it its a damn shame,0,"0,0,0"
544,That sucks. I don't remember how long ago we had gas prices that high.....,0,"0,0,0"
545,so do you believe that &quot;What Goes Around ... Comes Back Around&quot;?,0,"0,0,0"
546,Have u evr listened 2 a song repeatedly just b/c it reminded u of ur crush?,0,"0,0,0"
547,wow that sucks big time ... Not fun at all. Thank god it's not all the time,0,"0,0,0"
548,nope--they'll think you finally got fat.  just sayin.  get those cards out.,0,"0,0,0"
549,do you play? I have kind of a love-hate relationship with that stupid game.,0,"0,0,0"
550,! Jingle fucking Bells ! How is Christmas next wk?  Where does the time go?,0,"0,0,0"
551,so you going to be ok when you get your double ass kicking from Paul and I?,0,"0,0,0"
552,just checking if your like a chomo or something ha. good thing you said ew.,0,"0,0,0"
553,OMG!! ahhhh!! Where he go? Damn it he just fell off my window sil! haha jk!,0,"0,0,0"
554,What do you think happens to the missing socks that disappear in the dryer?,0,"0,0,0"
555,with my fat ass fingers its is simply amazing I get anything typed well....,0,"0,0,0"
556,Have you ever seen someone who you KNEW had Herpes? What was your reaction?,0,"0,0,0"
557,"@nezua @cripchick  at 0:37 ""i hate black pepper!"" http://tinyurl.com/69rbnb",0,"0,0,0"
558,"well hot damn my wish came true! Where the hell have I been? I had no idea!
",0,"0,0,0"
559,In case it's not obvious  the rabbit  glasses and ass are not phone-cam pix.,0,"0,0,0"
560,I AM NOT!! I cant believe you said that &gt;.&gt; Hate you so much right now,0,"0,0,0"
561,What is one item that you really should throw away  but probably never will?,0,"0,0,0"
562,Would you get mad if i sprayed shaving cream all over your face?? I would!!!,0,"0,0,0"
563,"Stingy sucks  I agree  but no need for anything ""expensive"" on a first date.",0,"0,0,0"
564,"I've never found a way so I ""star"" those. I love GMail when I don't hate it.",0,"0,0,0"
565,i still have that broken ass alienware laptop... alienware = over-rated imho.,0,"0,0,0"
566,well it sorta depends on what mood im in  like i cant really choose favorites,0,"0,0,0"
567,lol...and the ones who are there for a ifetime...u wish it was a damn season!,0,"0,0,0"
568,there is a man who walks his p-b-pig in the domain wonder if they are related,0,"0,0,0"
569,it is one of my lesser performances. Iz kinda like fat elvis vs. young elvis.,0,"0,0,0"
570,If everyone found out NO religion was real  what do you think people would do?,0,"0,0,0"
571,Ack  still no power... that sucks dude.  Hopefully it comes back soon for you!,0,"0,0,0"
572,damn ya gettin it poppin early  its ya bday tho rite? have a good one mayne...,0,"0,0,0"
573,I'm good for a lot more than some damn pie but that's another conversation lol,0,"0,0,0"
574,aw ill ask something so u dont go crazy ^_^  ok um what do you want in life :P,0,"0,0,0"
575,dude come on. Considering the day they had today they played well.  I HATE LA!,0,"0,0,0"
576,"Damn me and my ""purty"" mouth!  Why couldn't I have been born with an ugly one!",0,"0,0,0"
577,because myspace is dead and FB is overrated. :) plus to expand my brain powers,0,"0,0,0"
578,Oh  heck! I was all ready to pull a Dan Rather and pronounce Dick Cheney dead.,0,"0,0,0"
579,I hate Sunday nights becoz the next morning brings the budget meeting. Bleh...,0,"0,0,0"
580,ouch! that sucks! on 2nd thought  u might look cooler  w/ an eye patch!!! LOL!,0,"0,0,0"
581,@lordschmindie You crazy kids be careful  it's a fucking jungle out there!! :~),0,"0,0,0"
582,kcs got a nice body  but shes insane. taryns got a nice rack  but shes a bitch.,0,"1,1,0"
583,I don't think he's stupid  so I'll just assume he's a disingenuous cunt instead,0,"1,1,0"
584,aw dude!! That sucks.. Well whever u put a new tell me:) nice job with the vids,0,"0,0,0"
585,next week? I'll be the biggest loser in the world until then. (what else is new),0,"0,0,0"
586,Fuck that I have had some gin some vodka and I think Andrew got me rum and coke.,0,"0,0,0"
587,if the sweaty ping pong player you're referring to is me  then I hate your guts.,0,"0,0,0"
588,I don't . but when i was little  sweet and sour sauce from mickey d's :] hahahha,0,"0,0,0"
589,Dear Eron: the drums sound fucking incredible....  Er.. I mean godly incredible.,0,"0,0,0"
590,its prolly not who you think it is.. i just wanted you to know what i thought :),0,"0,0,0"
591,Cheesecake or brownies?  You can only pick one to have for the rest of your life.,0,"0,0,0"
592,LOL damn. great article though. too bad it seems to be airplaning for someone :-),0,"0,0,0"
593,If you could only read one magazine for the rest of your life  which would it be?,0,"0,0,0"
594,I heard it sucks...The effects were nice but it was a bad remake of the original.,0,"0,0,0"
595,Actually I think we all hate this weather so everybody just stays in all the time,0,"0,0,0"
596,damn I have to drive my dad to the airport that time oh well wonder wit it's about,0,"0,0,0"
597,OJ seriously needs to get it together ..karma is a bitch though  caught up to him~,0,"0,0,0"
598,What time do zombies cum out n play? If it's passed 10  sorry. Maybe next weekend?,0,"0,0,0"
599,that totally sucks! I know who's gonna get grinched now! damn danville-ites &gt;:(,0,"0,0,0"
600,:( NOOO dont takj about ti  im procrastinating enough with twitter. DAMN INTERNET.,0,"0,0,0"
601,what's up my coffee  let's call with a blocked number so I don't answer bitch? LOL,0,"1,1,0"
602,I used to have a ton more than i do now. Why aren't we friends on fb yet??? hahaha,0,"0,0,0"
603,I hate the month of January! Can we bring back November? Better yet  last semester?,0,"0,0,0"
604,i speak english frensh and a little arabic cuz i&;ve been to egypt a lotta times :D,0,"0,0,0"
605,hate that place! Oh...i got my camera. The D40! It is amazing. Thanks for the help.,0,"0,0,0"
606,bahah yup that you do. but im not gonna tell the whole fuckign world what it is lol,0,"0,0,0"
607,may be... but I hate them...!! cannot even imagine forgiving n forgettin..no ways..,0,"0,0,0"
608,if you had the opportunity to be in a movie with any actor/actress who would it be?,0,"0,0,0"
609,What would you do if you found the wallet of your next-door neighbor who you hated?,0,"0,0,0"
610,Congrats mate!  That kicks ass!  You should post on the forum to encourage others :),0,"0,0,0"
611,Fat Ladies ... England ... yeah I hear ya ... *giggle* ......... (was that unfair??),0,"0,1,0"
612,"Goes for lawyers  too!  ""This is why they hate us  we're only as good as our worst.""",0,"0,0,0"
613,DAMN. I just lost too. Thanks Alyssa. And I decided that PATD's new CD isn't so bad.,0,"0,0,0"
614,jordin!!!!!!!!!!!!!!!!!!!!!!!!!!!!!!!!!! rudeo did you say the other mean things to?,0,"0,0,0"
615,If you people really still think that Tabi&;s fake  go look at her dang MySpace. -.-,0,"0,0,0"
616,http://twitpic.com/w588 - YEEEEEEEEEEESSSSS!  Those damn Salingers  I loved them too,0,"0,0,0"
617,yea I drive a punk ass  truck so Im lovin these petro prices. 10 bux is half a tank.,0,"0,0,0"
618,oh that shit is funny. the best video that dude has made. Better than dick in a box.,0,"0,0,0"
619,I don't know what an ocean park is.. but if it counts  I've went to seaworld twice :],0,"0,0,0"
620,damn i want to be a Jew this year! i want to go to the movies and get Chinese noddles,0,"0,0,1"
621,For some reason I really hate that movie and those books. Bunch of weak ass vampires.,0,"0,0,0"
622,I'm surprised you hate this movie so much - um  what exactly is a good movie for you?,0,"0,0,0"
623,it actually goes off the gay years scale! But thanksfully  us gays stop ageing at 27!,0,"1,0,0"
624,yeah he did then got big again how I hv no idea. But totally agree about kicking ass.,0,"0,0,0"
625,then fuck them. go to a mac with an iphone hooked up and jailbreak it. thatll teach em,0,"0,0,0"
626,I so do!! When I come to visit we shalll. Woohoo! I cannot wait. =)) Love you  bitch!!,0,"1,0,0"
627,nothing says you love him more than wooly ass sweaters and gift certificates for beer!,0,"0,0,0"
628,Why do doctors leave the room when you change? They&;re going to see you naked anyway.,0,"0,0,0"
629,no kidding! dick clark was a corpse mechanically operated by the advertising companies,0,"0,0,0"
630,lochness: yea  he did a good job of getting shunned if not his ass kicked for sometime,0,"0,0,0"
631,I hope someone is getting injured in the process of the REAL LIFE PILLOWFIGHT FUCK YEAH,0,"0,0,0"
632,you know i bought a pomegranate today because of your ass! i better not get obsessed...,0,"0,0,0"
633,What&;s your favourite part of you on the outside and your favourite part on the inside?,0,"0,0,0"
634,I hate when that happens. Let me guess  Sales  and Marketing need new web reports?... :/,0,"0,0,0"
635,Downey is a freak of actor nature - he makes every character magnetic.  It was a winner.,0,"0,0,0"
636,Not sure if you saw him kissing his wife--Dick Clark moves pretty fast when he has to...,0,"0,1,0"
637,hey- finally managed to book the damn tickets online- took me over an hour!!! PVR sucks.,0,"0,0,0"
638,I knew you were cute and sweet  but damn  my teeth are aching!! http://xrl.us/GreenGiant,0,"0,0,0"
639,except when there is a cat being held above my mom and the word gay~ is being used. lol.,0,"1,0,0"
640,its the fat white one. When the recession is over would buy Logitech diNovo BT KB Sweet!,0,"0,0,1"
641,when you feel like you accomplished things you wanted to do and had the time of your life,0,"0,0,0"
642,*gasp* I may have to terminate our intarwebz friendship because you hate Anne. *cries* ;),0,"0,0,0"
643,Full confidence in your ability to kick ass in the new work... *raises a glass in spirit*,0,"0,0,0"
644,What's goodie Jamz! ROTFLMAO @ the fact that T-Pain's singing damn near gives u seizures!,0,"0,0,0"
645,God that was a fun night  I want to relive it...we danced in wall mart to betoven bahahaha,0,"0,0,0"
646,with nail grooming tools? file  clippers  no biting people! thats so gross and unsanitary.,0,"0,0,0"
647,Yo Sissahands! Why the fuck I aint on ya top-friends jawn on myspace n that homo Ivan is??,0,"1,0,0"
648,damn...lemme get one of them lol! im waay far from @cathyrnmarie or you yet!! hahaaaahaaha,0,"0,0,0"
649,i dont hate her  i just dont like somethings she does  doesnt mean those jokes arnt ourss?,0,"0,0,0"
650,"I'd just hate to be known in my career as the ""diarrhea guy"".  Happy Holidays to you too!!",0,"0,0,0"
651,damn two days in a row lmao and once again mommie i had no part in this  it was Gabby lmao,0,"0,0,0"
652,thanks sweety. Loki just rubbed me in with Ben Gay before he passed out for the night. too.,0,"0,0,0"
653,my computer does that too! &quot;Invalid request&quot; haha thanks for all the questions :],0,"0,0,0"
654,What do people most often criticize about you? (If some of these are doules I am so sorry.),0,"0,0,0"
655,People say &quot;I don&;t know&quot; alot. Is that a real answer? (Personally I think not.),0,"0,0,0"
656,She is whatever the Hell she wants to be  and not one bit of that is anyone named Cheyenne!,0,"0,0,0"
657,dude  you must earn  or have a lot of dough to shell out 50usd a day! Damn  that's serious!,0,"0,0,0"
658,I nominate @Tony_D for #coffee because without it  he might never FINISH HIS FUCKING NOVEL.,0,"0,0,0"
659,hahahahahahahhahahahahahahahahahahhahahahahahahahahahahaahahhahaahhahahaahahahaaaaaa!!!!!!!!,0,"0,0,0"
660,i'm giving you a heart cuz i'm assuming this is me and byron  if not i hate u but here &lt;3,0,"0,0,0"
661,when they hate / sneak diss. that means you are doing TOO much. Asvice: fcuk em & keep goin.,0,"0,0,0"
662,Uhmm like 6th grade on a corner of a street. I was on my corner :O Lol jk and it was randi..,0,"0,0,0"
663,If you had to choose between a millions bucks and being able to fly  which would you choose?,0,"0,0,0"
664,I cannot listen to that Heavy metal! I like me some rock(oldies) bhut not that scary shit ;D,0,"0,0,0"
665,Would you rather have a lovely day in with your family or go out partying with your friends?,0,"0,0,0"
666,I can damn near listen to his album in it's entirety without skipping..which is a good thing,0,"0,0,0"
667,Wow. this is a hard 1 i dnt think ive had 1 or i have many! I love my smoothies tho! YUMMIE!,0,"0,0,0"
668,Ugh. I fucking hate Ben 10. I remember how much bs it cause for my dept. when I was with CN.,0,"0,0,0"
669,are you sure you know what your getting yourself into by following my twitter whore account?,0,"1,1,0"
670,Ooops. I knew that! Totally did (No sarcasm). I hate typos. My fingers are a mind of its own.,0,"0,0,0"
671,ask that nigga why he auto-tuned that joint if he can actually sing...I hate that shit...haha,0,"1,0,1"
672,If an orange is orange and called an orange  why is a banana yellow and not called a  yellow?,0,"0,0,0"
673,although it means early holiday and time to prepare for next year - it sucks either way though,0,"0,0,0"
674,just so you no  my ass hurts more now. right where the leg meets the butt.. the cup-able part.,0,"0,0,0"
675,Nigga when you see me in the streets it's going down! chitty chitty bang bang  bitch ass nigga,0,"1,0,1"
676,yeah that song suck  santagold sucks too. nice picture  i'm just seeing it  ur skin looks good,0,"0,0,0"
677,Wait. Are you Cheyenne? I sent a request to you? Wait  why is your name Tabitha?? R u fake????,0,"0,0,0"
678,"tee hee! I consider the added fat 2B ""personal insulation"" - it gets dern cold here in WI.  ;)",0,"0,0,0"
679,- can be quite a rough routine but I'm gonna rock out with my cock out! Doctors orders &#9824;,0,"0,1,0"
